_MEMBER_DEGs,_MEMBER_DMRs,_LogP_DEGs,_LogP_DMRs,GO,_PATTERN_,_RANK_,GiniIndex,Category,CategoryID,Description,PARENT_GO,LogP,Enrichment,Z-score,#TotalGeneInLibrary,#GeneInGO,#GeneInHitList,#GeneInGOAndHitList,%InGO,STDV %InGO,GeneID,Hits,Log(q-value),EvidenceCutoff
1,1,-99,-5.5,M41700,M11,2,0,Cell Type Signatures,7,TRAVAGLINI LUNG OLR1 CLASSICAL MONOCYTE CELL,,-99,13,37,30337,726,400,122,30,2.3,101|133|241|366|597|719|728|929|944|963|1230|1441|1839|2012|2069|2180|2204|2207|2212|2219|2268|2316|2321|2353|2354|2357|2358|2867|3055|3162|3383|3552|3553|3557|3576|3586|3656|3678|3687|3936|3937|4001|4084|4327|4354|4973|5008|5142|5209|5265|5329|5341|5552|5743|5806|6279|6280|6283|6347|6354|6364|6503|6515|6556|6615|6688|7056|7099|7130|7133|7378|7462|7850|7940|8140|8291|8843|8870|9021|9308|9839|10135|10288|10437|10501|10938|11024|11025|22918|23135|23533|23601|25797|26253|27180|28231|30817|50486|50856|53831|54210|57817|64092|64581|64651|79168|79930|79931|83706|84649|114548|116448|140885|170954|199675|200315|338339|342510|353514|731424|100049587|100506115,ADAM8|ADM|ALOX5AP|AQP9|BCL2A1|C3AR1|C5AR1|CD14|TNFSF8|CD53|CCR1|CSF3R|HBEGF|EMP1|EREG|ACSL1|FCAR|FCER1G|FCGR2A|FCN1|FGR|FLNA|FLT1|FOS|FOSB|FPR1|FPR2|FFAR2|HCK|HMOX1|ICAM1|IL1A|IL1B|IL1RN|CXCL8|IL10|IRAK2|ITGA5|ITGAX|LCP1|LCP2|LMNB1|MXD1|MMP19|MPP1|OLR1|OSM|PDE4B|PFKFB3|SERPINA1|PLAUR|PLEK|SRGN|PTGS2|PTX3|S100A8|S100A9|S100A12|CCL2|CCL7|CCL20|SLA|SLC2A3|SLC11A1|SNAI1|SPI1|THBD|TLR4|TNFAIP6|TNFRSF1B|UPP1|LAT2|IL1R2|LST1|SLC7A5|DYSF|HCAR3|IER3|SOCS3|CD83|ZEB2|NAMPT|LILRB2|IFI30|SEMA6B|EHD1|LILRA1|LILRB3|CD93|KDM6B|PIK3R5|CLEC5A|QPCT|CLEC4E|SIGLEC9|SLCO4A1|ADGRE2|G0S2|CLEC4A|GPR84|TREM1|HAMP|SAMSN1|CLEC7A|CSRNP1|LILRA6|DOK3|TNIP3|FERMT3|DGAT2|NLRP3|OLIG1|SIRPA|PPP1R18|MCEMP1|APOBEC3A|CLEC4D|CD300E|LILRA5|MIR3945HG|SIGLEC14|PELATON,-95,0
1,0,-89,0,M41688,M10,1,0,Cell Type Signatures,7,TRAVAGLINI LUNG NEUTROPHIL CELL,,-89,19,40,30337,368,400,91,23,2.1,101|133|241|366|383|597|728|762|978|1084|1378|1441|2180|2212|2215|2353|2357|2358|2867|3142|3576|3577|3579|3687|3937|4084|4210|4311|4318|4332|4542|4689|4778|5209|5329|5552|5743|5997|6279|6280|6283|6402|6503|6515|6556|6688|7099|7439|7454|7850|8291|8794|8807|8875|8993|9021|9586|10135|10326|10581|11240|23135|26253|50486|53829|54210|57458|57580|60675|64092|64333|64386|64407|64581|79930|80183|84649|115727|144423|146225|150372|200315|222487|338339|646309|653361|654817|100420257|100506115|100873467|107075254,ADAM8|ADM|ALOX5AP|AQP9|ARG1|BCL2A1|C5AR1|CA4|CDA|CEACAM3|CR1|CSF3R|ACSL1|FCGR2A|FCGR3B|FOS|FPR1|FPR2|FFAR2|HLX|CXCL8|CXCR1|CXCR2|ITGAX|LCP2|MXD1|MEFV|MME|MMP9|MNDA|MYO1F|NCF4|NFE2|PFKFB3|PLAUR|SRGN|PTGS2|RGS2|S100A8|S100A9|S100A12|SELL|SLA|SLC2A3|SLC11A1|SPI1|TLR4|BEST1|WAS|IL1R2|DYSF|TNFRSF10C|IL18RAP|VNN2|PGLYRP1|SOCS3|CREB5|NAMPT|SIRPB1|IFITM2|PADI2|KDM6B|CLEC4E|G0S2|P2RY13|TREM1|TMCC3|PREX1|PROK2|SAMSN1|ARHGAP9|MMP25|RGS18|CLEC7A|DOK3|RUBCNL|DGAT2|RASGRP4|GLT1D1|CMTM2|NFAM1|APOBEC3A|ADGRG3|CLEC4D|NAMPTP1|NCF1|NCF1C|CICP27|PELATON|RNA5SP207|MTND5P32,-85,0
1,0,-86,0,M40264,M10,1,0,Cell Type Signatures,7,DESCARTES FETAL PANCREAS MYELOID CELLS,,-86,25,43,30337,233,400,77,19,2,366|597|719|728|820|929|1089|1230|1441|2204|2207|2212|2219|2268|2357|3055|3101|3162|3553|3557|3576|3586|3684|3687|4210|4332|4542|5008|5341|5552|6279|6280|6283|6324|6688|7850|7940|8778|8843|9308|10288|10326|10437|11024|11025|11240|23569|23601|27036|27180|30817|50856|51311|53829|54210|56729|58484|60675|64407|64581|79168|91662|114548|115727|123041|124599|126014|126364|150372|284759|342510|353345|353514|643418|653361|731424|100049587,AQP9|BCL2A1|C3AR1|C5AR1|CAMP|CD14|CEACAM4|CCR1|CSF3R|FCAR|FCER1G|FCGR2A|FCN1|FGR|FPR1|HCK|HK3|HMOX1|IL1B|IL1RN|CXCL8|IL10|ITGAM|ITGAX|MEFV|MNDA|MYO1F|OSM|PLEK|SRGN|S100A8|S100A9|S100A12|SCN1B|SPI1|IL1R2|LST1|SIGLEC5|HCAR3|CD83|LILRB2|SIRPB1|IFI30|LILRA1|LILRB3|PADI2|PADI4|CLEC5A|SIGLEC7|SIGLEC9|ADGRE2|CLEC4A|TLR8|P2RY13|TREM1|RETN|NLRC4|PROK2|RGS18|CLEC7A|LILRA6|NLRP12|NLRP3|RASGRP4|SLC24A4|CD300LB|OSCAR|LRRC25|NFAM1|SIRPB2|CD300E|GPR141|LILRA5|LIPN|NCF1|MIR3945HG|SIGLEC14,-82,0
1,0,-78,0,M40157,M10,1,0,Cell Type Signatures,7,DESCARTES FETAL CEREBELLUM MICROGLIA,,-78,12,32,30337,642,400,101,25,2.2,240|241|399|597|719|728|752|838|929|944|951|963|969|1118|1230|1439|1441|1959|1960|2124|2207|2212|2357|2867|3055|3162|3310|3383|3552|3553|3557|3576|3586|3656|3684|3687|3689|3718|3936|3937|4210|4332|4542|4689|4973|5008|5023|5265|5341|5788|5866|5880|6280|6347|6402|6556|6688|6696|7099|7454|7940|8740|8778|8794|9308|9595|10288|10894|11024|11025|11027|23533|27036|27128|27180|53346|53829|53831|54518|55843|55911|57091|58484|64092|64333|64407|64581|79168|79930|80183|81793|83706|114548|115727|117289|126014|126364|150372|388387|100049587|100289061,ALOX5|ALOX5AP|RHOH|BCL2A1|C3AR1|C5AR1|FMNL1|CASP5|CD14|TNFSF8|CD37|CD53|CD69|CHIT1|CCR1|CSF2RB|CSF3R|EGR2|EGR3|EVI2B|FCER1G|FCGR2A|FPR1|FFAR2|HCK|HMOX1|HSPA6|ICAM1|IL1A|IL1B|IL1RN|CXCL8|IL10|IRAK2|ITGAM|ITGAX|ITGB2|JAK3|LCP1|LCP2|MEFV|MNDA|MYO1F|NCF4|OLR1|OSM|P2RX1|SERPINA1|PLEK|PTPRC|RAB3IL1|RAC2|S100A9|CCL2|SELL|SLC11A1|SPI1|SPP1|TLR4|WAS|LST1|TNFSF14|SIGLEC5|TNFRSF10C|CD83|CYTIP|LILRB2|LYVE1|LILRA1|LILRB3|LILRA2|PIK3R5|SIGLEC7|CYTH4|SIGLEC9|TM6SF1|P2RY13|GPR84|APBB1IP|ARHGAP15|APOBR|CASS4|NLRC4|SAMSN1|ARHGAP9|RGS18|CLEC7A|LILRA6|DOK3|RUBCNL|TLR10|FERMT3|NLRP3|RASGRP4|TAGAP|OSCAR|LRRC25|NFAM1|LINC00671|SIGLEC14|ADAMTSL4-AS2,-74,0
1,0,-69,0,M39160,M10,1,0,Cell Type Signatures,7,GAO LARGE INTESTINE 24W C11 PANETH LIKE CELL,,-69,17,34,30337,325,400,74,18,1.9,597|728|752|929|951|963|1230|1378|1439|1441|2124|2207|2212|2357|3055|3162|3310|3383|3552|3553|3557|3576|3586|3624|3684|3687|3689|3936|3937|4046|4318|4689|5008|5142|5209|5328|5329|5341|5552|5743|5788|5791|5880|6503|6688|7056|7099|7133|7454|7462|7850|7852|7940|8140|8477|8843|9308|9535|10135|10288|10437|10894|11314|27076|27128|64092|64581|80183|83706|114548|150372|200315|342510|653361,BCL2A1|C5AR1|FMNL1|CD14|CD37|CD53|CCR1|CR1|CSF2RB|CSF3R|EVI2B|FCER1G|FCGR2A|FPR1|HCK|HMOX1|HSPA6|ICAM1|IL1A|IL1B|IL1RN|CXCL8|IL10|INHBA|ITGAM|ITGAX|ITGB2|LCP1|LCP2|LSP1|MMP9|NCF4|OSM|PDE4B|PFKFB3|PLAU|PLAUR|PLEK|SRGN|PTGS2|PTPRC|PTPRE|RAC2|SLA|SPI1|THBD|TLR4|TNFRSF1B|WAS|LAT2|IL1R2|CXCR4|LST1|SLC7A5|GPR65|HCAR3|CD83|GMFG|NAMPT|LILRB2|IFI30|LYVE1|CD300A|LYPD3|CYTH4|SAMSN1|CLEC7A|RUBCNL|FERMT3|NLRP3|NFAM1|APOBEC3A|CD300E|NCF1,-65,0
1,0,-65,0,M39124,M10,1,0,Cell Type Signatures,7,AIZARANI LIVER C23 KUPFFER CELLS 3,,-65,22,36,30337,221,400,63,16,1.8,240|597|728|929|951|1230|1441|2069|2124|2207|2212|2219|2268|2357|3055|3101|3553|3576|3684|3687|3689|4332|4354|4542|5329|5341|5552|5743|5791|5997|6279|6280|6283|6402|6503|6515|6556|7133|7454|7850|7940|8875|9535|9586|9770|9839|10135|10288|10326|11025|22918|26253|54210|57580|64092|64581|79930|91662|150372|200315|284759|342510|100506115,ALOX5|BCL2A1|C5AR1|CD14|CD37|CCR1|CSF3R|EREG|EVI2B|FCER1G|FCGR2A|FCN1|FGR|FPR1|HCK|HK3|IL1B|CXCL8|ITGAM|ITGAX|ITGB2|MNDA|MPP1|MYO1F|PLAUR|PLEK|SRGN|PTGS2|PTPRE|RGS2|S100A8|S100A9|S100A12|SELL|SLA|SLC2A3|SLC11A1|TNFRSF1B|WAS|IL1R2|LST1|VNN2|GMFG|CREB5|RASSF2|ZEB2|NAMPT|LILRB2|SIRPB1|LILRB3|CD93|CLEC4E|TREM1|PREX1|SAMSN1|CLEC7A|DOK3|NLRP12|NFAM1|APOBEC3A|SIRPB2|CD300E|PELATON,-62,0
1,0,-62,0,M39286,M10,1,0,Cell Type Signatures,7,DURANTE ADULT OLFACTORY NEUROEPITHELIUM DENDRITIC CELLS,,-62,32,39,30337,117,400,50,12,1.7,597|728|929|951|1441|2069|2124|2207|2219|2268|2357|3553|3576|3689|3936|4046|4084|4332|5008|5265|5329|5341|5552|5743|5788|5791|5997|6279|6280|6283|6556|6688|7133|7940|9535|9839|10135|10288|10437|10581|26253|50486|54210|64092|64581|114548|200315|221692|653361|100506115,BCL2A1|C5AR1|CD14|CD37|CSF3R|EREG|EVI2B|FCER1G|FCN1|FGR|FPR1|IL1B|CXCL8|ITGB2|LCP1|LSP1|MXD1|MNDA|OSM|SERPINA1|PLAUR|PLEK|SRGN|PTGS2|PTPRC|PTPRE|RGS2|S100A8|S100A9|S100A12|SLC11A1|SPI1|TNFRSF1B|LST1|GMFG|ZEB2|NAMPT|LILRB2|IFI30|IFITM2|CLEC4E|G0S2|TREM1|SAMSN1|CLEC7A|NLRP3|APOBEC3A|PHACTR1|NCF1|PELATON,-59,0
1,1,-59,-2.3,M39203,M11,2,0,Cell Type Signatures,7,HAY BONE MARROW NEUTROPHIL,,-59,13,29,30337,449,400,75,19,2,240|366|929|978|1089|1378|1441|2069|2180|2219|2316|2352|2353|2357|2358|3142|3557|3576|3684|3936|4084|4210|4332|4689|5329|5552|5743|5791|5997|6279|6280|6283|6402|6515|6556|7099|8291|8825|8875|9051|9535|9586|9770|10326|11025|11240|22918|23569|23601|25797|26253|51311|53829|54210|55911|60675|64092|79168|79930|91662|115727|122402|123041|124599|126014|140885|144423|146225|150372|199675|284415|338339|653361|100049587|115891964,ALOX5|AQP9|CD14|CDA|CEACAM4|CR1|CSF3R|EREG|ACSL1|FCN1|FLNA|FOLR3|FOS|FPR1|FPR2|HLX|IL1RN|CXCL8|ITGAM|LCP1|MXD1|MEFV|MNDA|NCF4|PLAUR|SRGN|PTGS2|PTPRE|RGS2|S100A8|S100A9|S100A12|SELL|SLC2A3|SLC11A1|TLR4|DYSF|LIN7A|VNN2|PSTPIP1|GMFG|CREB5|RASSF2|SIRPB1|LILRB3|PADI2|CD93|PADI4|CLEC5A|QPCT|CLEC4E|TLR8|P2RY13|TREM1|APOBR|PROK2|SAMSN1|LILRA6|DOK3|NLRP12|RASGRP4|TDRD9|SLC24A4|CD300LB|OSCAR|SIRPA|GLT1D1|CMTM2|NFAM1|MCEMP1|VSTM1|CLEC4D|NCF1|SIGLEC14|MIR223HG,-56,0
1,1,-59,-3.2,M41697,M11,2,0,Cell Type Signatures,7,TRAVAGLINI LUNG EREG DENDRITIC CELL,,-59,11,27,30337,579,400,82,20,2,597|719|728|929|944|1230|1839|2012|2069|2180|2204|2207|2212|2219|2268|2353|2354|2357|2358|3055|3162|3274|3383|3553|3557|3576|3586|3678|3687|3937|4084|4327|4973|5008|5142|5209|5328|5329|5341|5552|5791|5997|6347|6364|6515|6556|6688|7056|7099|7378|7462|7850|7940|8140|8870|9021|9308|9770|9839|10135|10288|10437|10501|11025|22918|23135|23533|23601|25797|26253|30817|50486|53831|54210|64092|64581|64651|114548|140885|200315|342510|100506115,BCL2A1|C3AR1|C5AR1|CD14|TNFSF8|CCR1|HBEGF|EMP1|EREG|ACSL1|FCAR|FCER1G|FCGR2A|FCN1|FGR|FOS|FOSB|FPR1|FPR2|HCK|HMOX1|HRH2|ICAM1|IL1B|IL1RN|CXCL8|IL10|ITGA5|ITGAX|LCP2|MXD1|MMP19|OLR1|OSM|PDE4B|PFKFB3|PLAU|PLAUR|PLEK|SRGN|PTPRE|RGS2|CCL2|CCL20|SLC2A3|SLC11A1|SPI1|THBD|TLR4|UPP1|LAT2|IL1R2|LST1|SLC7A5|IER3|SOCS3|CD83|RASSF2|ZEB2|NAMPT|LILRB2|IFI30|SEMA6B|LILRB3|CD93|KDM6B|PIK3R5|CLEC5A|QPCT|CLEC4E|ADGRE2|G0S2|GPR84|TREM1|SAMSN1|CLEC7A|CSRNP1|NLRP3|SIRPA|APOBEC3A|CD300E|PELATON,-56,0
1,0,-56,0,M40244,M10,1,0,Cell Type Signatures,7,DESCARTES FETAL LUNG MYELOID CELLS,,-56,23,34,30337,176,400,53,13,1.7,597|719|838|929|1089|1230|1959|2015|2204|2219|2357|3055|3274|3553|3687|4210|4318|4332|5743|6688|7850|8778|9308|10288|10326|10437|11024|11025|11027|23601|27036|27128|30817|51311|53829|56729|58484|64581|79168|84658|114548|123041|124599|126014|126364|150372|284415|284759|342510|353345|353514|388387|100049587,BCL2A1|C3AR1|CASP5|CD14|CEACAM4|CCR1|EGR2|ADGRE1|FCAR|FCN1|FPR1|HCK|HRH2|IL1B|ITGAX|MEFV|MMP9|MNDA|PTGS2|SPI1|IL1R2|SIGLEC5|CD83|LILRB2|SIRPB1|IFI30|LILRA1|LILRB3|LILRA2|CLEC5A|SIGLEC7|CYTH4|ADGRE2|TLR8|P2RY13|RETN|NLRC4|CLEC7A|LILRA6|ADGRE3|NLRP3|SLC24A4|CD300LB|OSCAR|LRRC25|NFAM1|VSTM1|SIRPB2|CD300E|GPR141|LILRA5|LINC00671|SIGLEC14,-53,0
1,0,-56,0,M39305,M10,1,0,Cell Type Signatures,7,CUI DEVELOPING HEART C8 MACROPHAGE,,-56,17,30,30337,275,400,61,15,1.8,240|241|719|728|752|929|951|963|1441|1839|2124|2207|2212|2354|2357|3055|3576|3684|3687|3689|3936|3937|4046|4332|4542|4689|5329|5341|5552|5788|5791|5880|5997|6279|6280|6503|6515|6688|7133|7454|7462|7538|7852|7940|8870|9308|9473|9535|10135|10288|10437|11314|27128|54518|56729|57580|64092|64581|114548|140885|170954,ALOX5|ALOX5AP|C3AR1|C5AR1|FMNL1|CD14|CD37|CD53|CSF3R|HBEGF|EVI2B|FCER1G|FCGR2A|FOSB|FPR1|HCK|CXCL8|ITGAM|ITGAX|ITGB2|LCP1|LCP2|LSP1|MNDA|MYO1F|NCF4|PLAUR|PLEK|SRGN|PTPRC|PTPRE|RAC2|RGS2|S100A8|S100A9|SLA|SLC2A3|SPI1|TNFRSF1B|WAS|LAT2|ZFP36|CXCR4|LST1|IER3|CD83|THEMIS2|GMFG|NAMPT|LILRB2|IFI30|CD300A|CYTH4|APBB1IP|RETN|PREX1|SAMSN1|CLEC7A|NLRP3|SIRPA|PPP1R18,-52,0
1,0,-54,0,M40210,M10,1,0,Cell Type Signatures,7,DESCARTES FETAL INTESTINE MYELOID CELLS,,-54,19,31,30337,227,400,56,14,1.7,597|719|728|929|1230|1378|1441|2015|2207|2212|2219|2357|3055|3274|3553|3576|3586|3687|4210|4318|4332|4689|5341|6688|7850|8843|9308|9473|10135|10288|10437|11024|11025|11027|30817|51311|53829|54210|56729|58484|64407|64581|79168|81793|84658|114548|115727|123041|124599|126014|284759|342510|353345|353514|653361|100049587,BCL2A1|C3AR1|C5AR1|CD14|CCR1|CR1|CSF3R|ADGRE1|FCER1G|FCGR2A|FCN1|FPR1|HCK|HRH2|IL1B|CXCL8|IL10|ITGAX|MEFV|MMP9|MNDA|NCF4|PLEK|SPI1|IL1R2|HCAR3|CD83|THEMIS2|NAMPT|LILRB2|IFI30|LILRA1|LILRB3|LILRA2|ADGRE2|TLR8|P2RY13|TREM1|RETN|NLRC4|RGS18|CLEC7A|LILRA6|TLR10|ADGRE3|NLRP3|RASGRP4|SLC24A4|CD300LB|OSCAR|SIRPB2|CD300E|GPR141|LILRA5|NCF1|SIGLEC14,-51,0
1,0,-52,0,M40168,M10,1,0,Cell Type Signatures,7,DESCARTES FETAL CEREBRUM MICROGLIA,,-52,11,26,30337,505,400,72,18,1.9,597|728|752|838|944|951|1118|1230|1439|1441|1959|1960|2124|2204|3101|3162|3310|3552|3553|3557|3586|3684|3687|3689|4210|4332|4542|4689|5008|5265|6279|6280|6556|6688|6696|7099|7462|8477|9308|9595|10288|10326|10437|10894|11024|11025|11027|23533|27128|53829|53831|54210|54518|55843|55911|57817|58484|64092|64333|64581|79168|115727|117289|126014|126364|150372|283587|388387|388512|653361|100049587|100289061,BCL2A1|C5AR1|FMNL1|CASP5|TNFSF8|CD37|CHIT1|CCR1|CSF2RB|CSF3R|EGR2|EGR3|EVI2B|FCAR|HK3|HMOX1|HSPA6|IL1A|IL1B|IL1RN|IL10|ITGAM|ITGAX|ITGB2|MEFV|MNDA|MYO1F|NCF4|OSM|SERPINA1|S100A8|S100A9|SLC11A1|SPI1|SPP1|TLR4|LAT2|GPR65|CD83|CYTIP|LILRB2|SIRPB1|IFI30|LYVE1|LILRA1|LILRB3|LILRA2|PIK3R5|CYTH4|P2RY13|GPR84|TREM1|APBB1IP|ARHGAP15|APOBR|HAMP|NLRC4|SAMSN1|ARHGAP9|CLEC7A|LILRA6|RASGRP4|TAGAP|OSCAR|LRRC25|NFAM1|HISLA|LINC00671|CLEC17A|NCF1|SIGLEC14|ADAMTSL4-AS2,-48,0
1,0,-46,0,M40221,M10,1,0,Cell Type Signatures,7,DESCARTES FETAL KIDNEY MYELOID CELLS,,-46,17,28,30337,213,400,49,12,1.6,366|719|1230|2219|3055|3101|3162|3576|3586|4210|4332|4973|5329|5743|5997|6279|6688|6696|7850|8685|8778|8870|10288|10326|10437|11024|11027|23601|27128|27180|51311|53829|53831|54210|56729|64581|79168|81793|114548|123041|126014|126364|150372|196410|284759|342510|388387|653361|100506115,AQP9|C3AR1|CCR1|FCN1|HCK|HK3|HMOX1|CXCL8|IL10|MEFV|MNDA|OLR1|PLAUR|PTGS2|RGS2|S100A8|SPI1|SPP1|IL1R2|MARCO|SIGLEC5|IER3|LILRB2|SIRPB1|IFI30|LILRA1|LILRA2|CLEC5A|CYTH4|SIGLEC9|TLR8|P2RY13|GPR84|TREM1|RETN|CLEC7A|LILRA6|TLR10|NLRP3|SLC24A4|OSCAR|LRRC25|NFAM1|TMT1B|SIRPB2|CD300E|LINC00671|NCF1|PELATON,-42,0
1,1,-43,-3.2,M39051,M11,2,0,Cell Type Signatures,7,MANNO MIDBRAIN NEUROTYPES HMGL,,-43,8.9,22,30337,577,400,68,17,1.9,240|241|597|719|929|951|963|969|1230|1441|1959|1960|2124|2207|2212|2354|2357|3162|3310|3383|3553|3576|3656|3689|3718|3861|3936|4332|4354|4542|4689|4973|5328|5329|5341|5552|5743|5788|5791|5866|6347|6503|6531|6688|6696|7099|7133|7462|7538|8477|9308|9535|9595|11027|27128|53346|53829|54518|55824|55911|64092|64581|64651|83706|114548|117289|140885|100049587,ALOX5|ALOX5AP|BCL2A1|C3AR1|CD14|CD37|CD53|CD69|CCR1|CSF3R|EGR2|EGR3|EVI2B|FCER1G|FCGR2A|FOSB|FPR1|HMOX1|HSPA6|ICAM1|IL1B|CXCL8|IRAK2|ITGB2|JAK3|KRT14|LCP1|MNDA|MPP1|MYO1F|NCF4|OLR1|PLAU|PLAUR|PLEK|SRGN|PTGS2|PTPRC|PTPRE|RAB3IL1|CCL2|SLA|SLC6A3|SPI1|SPP1|TLR4|TNFRSF1B|LAT2|ZFP36|GPR65|CD83|GMFG|CYTIP|LILRA2|CYTH4|TM6SF1|P2RY13|APBB1IP|PAG1|APOBR|SAMSN1|CLEC7A|CSRNP1|FERMT3|NLRP3|TAGAP|SIRPA|SIGLEC14,-40,0
1,0,-43,0,M39120,M10,1,0,Cell Type Signatures,7,AIZARANI LIVER C18 NK NKT CELLS 5,,-43,24,30,30337,121,400,39,9.8,1.5,240|597|719|728|951|1230|1839|2124|2207|2212|2219|2268|2357|3055|3101|3310|3553|3576|3687|4332|5329|5341|5791|5997|6279|6280|6556|7133|7940|8870|9308|9839|10288|11025|30817|64581|200315|221692|653361,ALOX5|BCL2A1|C3AR1|C5AR1|CD37|CCR1|HBEGF|EVI2B|FCER1G|FCGR2A|FCN1|FGR|FPR1|HCK|HK3|HSPA6|IL1B|CXCL8|ITGAX|MNDA|PLAUR|PLEK|PTPRE|RGS2|S100A8|S100A9|SLC11A1|TNFRSF1B|LST1|IER3|CD83|ZEB2|LILRB2|LILRB3|ADGRE2|CLEC7A|APOBEC3A|PHACTR1|NCF1,-39,0
1,0,-42,0,M39266,M10,1,0,Cell Type Signatures,7,HU FETAL RETINA MICROGLIA,,-42,11,23,30337,382,400,57,14,1.7,240|241|719|929|951|963|1230|1441|2124|2207|2212|2353|2354|2357|3055|3162|3576|3684|3687|3689|3936|3937|4046|4332|4542|4689|4973|5329|5341|5552|5788|5791|5997|6503|6515|6688|6696|7099|7133|7454|7462|7538|7940|9308|9535|11314|27128|53829|54518|57580|64092|64333|64581|81793|117289|140885|170954,ALOX5|ALOX5AP|C3AR1|CD14|CD37|CD53|CCR1|CSF3R|EVI2B|FCER1G|FCGR2A|FOS|FOSB|FPR1|HCK|HMOX1|CXCL8|ITGAM|ITGAX|ITGB2|LCP1|LCP2|LSP1|MNDA|MYO1F|NCF4|OLR1|PLAUR|PLEK|SRGN|PTPRC|PTPRE|RGS2|SLA|SLC2A3|SPI1|SPP1|TLR4|TNFRSF1B|WAS|LAT2|ZFP36|LST1|CD83|GMFG|CD300A|CYTH4|P2RY13|APBB1IP|PREX1|SAMSN1|ARHGAP9|CLEC7A|TLR10|TAGAP|SIRPA|PPP1R18,-39,0
1,0,-41,0,M39126,M10,1,0,Cell Type Signatures,7,AIZARANI LIVER C25 KUPFFER CELLS 4,,-41,19,27,30337,174,400,43,11,1.5,728|1839|2069|2124|2207|2212|2219|2268|2357|3055|3310|3553|3557|3576|3687|3689|4332|5329|5341|5552|5791|5997|6402|6556|7056|7133|7850|7852|7940|8870|9308|9473|9839|10135|10288|11025|23135|26253|30817|64092|64581|114548|221692,C5AR1|HBEGF|EREG|EVI2B|FCER1G|FCGR2A|FCN1|FGR|FPR1|HCK|HSPA6|IL1B|IL1RN|CXCL8|ITGAX|ITGB2|MNDA|PLAUR|PLEK|SRGN|PTPRE|RGS2|SELL|SLC11A1|THBD|TNFRSF1B|IL1R2|CXCR4|LST1|IER3|CD83|THEMIS2|ZEB2|NAMPT|LILRB2|LILRB3|KDM6B|CLEC4E|ADGRE2|SAMSN1|CLEC7A|NLRP3|PHACTR1,-38,0
1,0,-41,0,M39077,M10,1,0,Cell Type Signatures,7,ZHONG PFC MAJOR TYPES MICROGLIA,,-41,10,22,30337,438,400,59,15,1.8,240|241|719|728|929|951|963|1230|1441|1959|1960|2207|2212|2353|2354|2357|3055|3684|3687|3689|3936|4332|4354|4542|4689|4973|5265|5341|5552|5788|5791|5866|5997|6696|7099|7133|7454|7462|7538|7940|8870|9308|9535|10437|10581|11314|27128|53346|53829|54518|55824|64092|64333|80183|81793|117289|140885|170954|100132417,ALOX5|ALOX5AP|C3AR1|C5AR1|CD14|CD37|CD53|CCR1|CSF3R|EGR2|EGR3|FCER1G|FCGR2A|FOS|FOSB|FPR1|HCK|ITGAM|ITGAX|ITGB2|LCP1|MNDA|MPP1|MYO1F|NCF4|OLR1|SERPINA1|PLEK|SRGN|PTPRC|PTPRE|RAB3IL1|RGS2|SPP1|TLR4|TNFRSF1B|WAS|LAT2|ZFP36|LST1|IER3|CD83|GMFG|IFI30|IFITM2|CD300A|CYTH4|TM6SF1|P2RY13|APBB1IP|PAG1|SAMSN1|ARHGAP9|RUBCNL|TLR10|TAGAP|SIRPA|PPP1R18|FCGR1CP,-38,0
1,0,-40,0,M40148,M10,1,0,Cell Type Signatures,7,DESCARTES FETAL ADRENAL MYELOID CELLS,,-40,18,26,30337,183,400,43,11,1.5,719|728|838|929|1230|2015|2219|2357|3055|3101|3162|3557|3576|3586|3687|4210|4332|5329|6556|6688|6696|8685|8778|8870|10288|10326|11024|11025|11027|27128|30817|53829|58484|64581|79168|114548|126014|126364|150372|284759|353514|100049587|100506115,C3AR1|C5AR1|CASP5|CD14|CCR1|ADGRE1|FCN1|FPR1|HCK|HK3|HMOX1|IL1RN|CXCL8|IL10|ITGAX|MEFV|MNDA|PLAUR|SLC11A1|SPI1|SPP1|MARCO|SIGLEC5|IER3|LILRB2|SIRPB1|LILRA1|LILRB3|LILRA2|CYTH4|ADGRE2|P2RY13|NLRC4|CLEC7A|LILRA6|NLRP3|OSCAR|LRRC25|NFAM1|SIRPB2|LILRA5|SIGLEC14|PELATON,-37,0
1,0,-37,0,M40071,M10,1,0,Cell Type Signatures,7,DESCARTES MAIN FETAL MYELOID CELLS,,-37,26,28,30337,97,400,33,8.2,1.4,929|1378|1839|2204|2358|3101|3162|3586|4689|5329|5552|6283|6688|8685|9473|10135|10288|10437|11024|11025|27036|27180|50856|51311|56729|64581|79168|114548|124599|126364|353514|731424|100506115,CD14|CR1|HBEGF|FCAR|FPR2|HK3|HMOX1|IL10|NCF4|PLAUR|SRGN|S100A12|SPI1|MARCO|THEMIS2|NAMPT|LILRB2|IFI30|LILRA1|LILRB3|SIGLEC7|SIGLEC9|CLEC4A|TLR8|RETN|CLEC7A|LILRA6|NLRP3|CD300LB|LRRC25|LILRA5|MIR3945HG|PELATON,-34,0
1,0,-36,0,M41699,M10,1,0,Cell Type Signatures,7,TRAVAGLINI LUNG CLASSICAL MONOCYTE CELL,,-36,13,23,30337,270,400,46,12,1.6,728|929|1230|1378|1441|2124|2180|2207|2212|2219|2268|2353|2357|3055|3274|3684|4332|4542|4778|5265|5791|6279|6280|6283|6556|6688|7099|7133|9586|9770|9839|10437|22918|30817|51311|53829|64581|79930|114548|123041|126364|144423|150372|200315|342510|653361,C5AR1|CD14|CCR1|CR1|CSF3R|EVI2B|ACSL1|FCER1G|FCGR2A|FCN1|FGR|FOS|FPR1|HCK|HRH2|ITGAM|MNDA|MYO1F|NFE2|SERPINA1|PTPRE|S100A8|S100A9|S100A12|SLC11A1|SPI1|TLR4|TNFRSF1B|CREB5|RASSF2|ZEB2|IFI30|CD93|ADGRE2|TLR8|P2RY13|CLEC7A|DOK3|NLRP3|SLC24A4|LRRC25|GLT1D1|NFAM1|APOBEC3A|CD300E|NCF1,-33,0
1,0,-36,0,M39022,M10,1,0,Cell Type Signatures,7,FAN EMBRYONIC CTX BIG GROUPS MICROGLIA,,-36,10,21,30337,371,400,51,13,1.7,241|719|929|951|963|1230|1441|2124|2207|2212|2353|2354|2357|3055|3162|3684|3687|3689|3936|4332|4542|4689|4973|5265|5341|5552|5788|5791|5866|5997|6696|7099|7133|7462|7538|7940|8870|9308|9535|10437|11314|27128|53829|54518|64092|80183|81793|117289|140885|170954|100132417,ALOX5AP|C3AR1|CD14|CD37|CD53|CCR1|CSF3R|EVI2B|FCER1G|FCGR2A|FOS|FOSB|FPR1|HCK|HMOX1|ITGAM|ITGAX|ITGB2|LCP1|MNDA|MYO1F|NCF4|OLR1|SERPINA1|PLEK|SRGN|PTPRC|PTPRE|RAB3IL1|RGS2|SPP1|TLR4|TNFRSF1B|LAT2|ZFP36|LST1|IER3|CD83|GMFG|IFI30|CD300A|CYTH4|P2RY13|APBB1IP|SAMSN1|RUBCNL|TLR10|TAGAP|SIRPA|PPP1R18|FCGR1CP,-33,0
1,0,-35,0,M40196,M10,1,0,Cell Type Signatures,7,DESCARTES FETAL HEART MYELOID CELLS,,-35,20,25,30337,134,400,35,8.8,1.4,719|728|929|1230|1959|2219|2357|3055|3101|3557|3687|4318|4332|6279|6556|6688|6696|7850|8685|10326|11024|11025|11240|23601|50856|51311|53829|58484|64581|123041|126014|126364|150372|284759|100049587,C3AR1|C5AR1|CD14|CCR1|EGR2|FCN1|FPR1|HCK|HK3|IL1RN|ITGAX|MMP9|MNDA|S100A8|SLC11A1|SPI1|SPP1|IL1R2|MARCO|SIRPB1|LILRA1|LILRB3|PADI2|CLEC5A|CLEC4A|TLR8|P2RY13|NLRC4|CLEC7A|SLC24A4|OSCAR|LRRC25|NFAM1|SIRPB2|SIGLEC14,-32,0
1,0,-30,0,M40285,M10,1,0,Cell Type Signatures,7,DESCARTES FETAL PLACENTA MYELOID CELLS,,-30,17,23,30337,146,400,33,8.2,1.4,597|719|728|929|1118|1959|2069|3055|3101|3383|4318|4332|6279|6347|6556|6696|7940|8685|9308|9473|10288|11240|27180|30817|64581|79168|80183|114548|126014|126364|150372|284759|353345,BCL2A1|C3AR1|C5AR1|CD14|CHIT1|EGR2|EREG|HCK|HK3|ICAM1|MMP9|MNDA|S100A8|CCL2|SLC11A1|SPP1|LST1|MARCO|CD83|THEMIS2|LILRB2|PADI2|SIGLEC9|ADGRE2|CLEC7A|LILRA6|RUBCNL|NLRP3|OSCAR|LRRC25|NFAM1|SIRPB2|GPR141,-27,0
1,0,-30,0,M41715,M10,1,0,Cell Type Signatures,7,FAN OVARY CL13 MONOCYTE MACROPHAGE,,-30,8.3,18,30337,458,400,50,12,1.7,241|597|929|951|963|2124|2207|2212|2219|2268|2316|3162|3310|3576|3689|3936|4046|4318|4332|4354|4973|5265|5329|5341|5552|5788|5791|5997|6280|6688|7133|7378|7454|7852|7940|8870|9308|9473|9535|9595|9839|10135|10437|10938|50486|64092|64581|83706|170954|221692,ALOX5AP|BCL2A1|CD14|CD37|CD53|EVI2B|FCER1G|FCGR2A|FCN1|FGR|FLNA|HMOX1|HSPA6|CXCL8|ITGB2|LCP1|LSP1|MMP9|MNDA|MPP1|OLR1|SERPINA1|PLAUR|PLEK|SRGN|PTPRC|PTPRE|RGS2|S100A9|SPI1|TNFRSF1B|UPP1|WAS|CXCR4|LST1|IER3|CD83|THEMIS2|GMFG|CYTIP|ZEB2|NAMPT|IFI30|EHD1|G0S2|SAMSN1|CLEC7A|FERMT3|PPP1R18|PHACTR1,-27,0
1,0,-29,0,M39106,M10,1,0,Cell Type Signatures,7,AIZARANI LIVER C2 KUPFFER CELLS 1,,-29,14,21,30337,200,400,36,9,1.4,240|719|728|951|1230|2124|2207|2212|2268|2357|3055|3310|3553|3576|3687|3689|4332|5329|5341|5552|5791|5997|7133|7850|7940|8870|9308|9473|10288|11025|26253|53829|64581|114548|126364|221692,ALOX5|C3AR1|C5AR1|CD37|CCR1|EVI2B|FCER1G|FCGR2A|FGR|FPR1|HCK|HSPA6|IL1B|CXCL8|ITGAX|ITGB2|MNDA|PLAUR|PLEK|SRGN|PTPRE|RGS2|TNFRSF1B|IL1R2|LST1|IER3|CD83|THEMIS2|LILRB2|LILRB3|CLEC4E|P2RY13|CLEC7A|NLRP3|LRRC25|PHACTR1,-26,0
1,0,-27,0,M39110,M10,1,0,Cell Type Signatures,7,AIZARANI LIVER C6 KUPFFER CELLS 2,,-27,12,19,30337,228,400,36,9,1.4,240|719|728|929|1230|2124|2207|2212|2219|2268|3055|3101|3162|3553|3687|3689|4354|5341|5997|6503|6556|6688|7133|7940|8685|8870|9308|9473|9839|10288|10894|11025|53829|64581|126364|100506115,ALOX5|C3AR1|C5AR1|CD14|CCR1|EVI2B|FCER1G|FCGR2A|FCN1|FGR|HCK|HK3|HMOX1|IL1B|ITGAX|ITGB2|MPP1|PLEK|RGS2|SLA|SLC11A1|SPI1|TNFRSF1B|LST1|MARCO|IER3|CD83|THEMIS2|ZEB2|LILRB2|LYVE1|LILRB3|P2RY13|CLEC7A|LRRC25|PELATON,-24,0
1,0,-27,0,M39044,M10,1,0,Cell Type Signatures,7,FAN EMBRYONIC CTX BRAIN MYELOID,,-27,16,21,30337,139,400,30,7.5,1.3,597|728|2219|2268|3055|3687|4046|4542|5265|5329|5743|6279|6280|6688|7852|7940|9021|10135|10288|10437|10581|11025|55911|56729|64581|126014|126364|200315|342510|353514,BCL2A1|C5AR1|FCN1|FGR|HCK|ITGAX|LSP1|MYO1F|SERPINA1|PLAUR|PTGS2|S100A8|S100A9|SPI1|CXCR4|LST1|SOCS3|NAMPT|LILRB2|IFI30|IFITM2|LILRB3|APOBR|RETN|CLEC7A|OSCAR|LRRC25|APOBEC3A|CD300E|LILRA5,-24,0
1,0,-25,0,M39304,M10,1,0,Cell Type Signatures,7,CUI DEVELOPING HEART C7 MAST CELL,,-25,15,20,30337,156,400,30,7.5,1.3,101|240|241|399|951|963|969|1439|2207|2354|3684|3936|4354|4689|5023|5341|5552|5880|5997|6515|7462|7538|8477|9173|9308|9535|10581|55824|55843|64092,ADAM8|ALOX5|ALOX5AP|RHOH|CD37|CD53|CD69|CSF2RB|FCER1G|FOSB|ITGAM|LCP1|MPP1|NCF4|P2RX1|PLEK|SRGN|RAC2|RGS2|SLC2A3|LAT2|ZFP36|GPR65|IL1RL1|CD83|GMFG|IFITM2|PAG1|ARHGAP15|SAMSN1,-23,0
1,0,-25,0,M40314,M10,1,0,Cell Type Signatures,7,DESCARTES FETAL THYMUS ANTIGEN PRESENTING CELLS,,-25,14,19,30337,172,400,31,7.8,1.3,101|240|929|2180|2207|2268|3055|3557|3687|4318|4332|4542|5329|5341|5552|6688|8530|8809|9308|9473|25797|53829|55911|57458|64092|64386|64581|81793|123041|150372|353345,ADAM8|ALOX5|CD14|ACSL1|FCER1G|FGR|HCK|IL1RN|ITGAX|MMP9|MNDA|MYO1F|PLAUR|PLEK|SRGN|SPI1|CST7|IL18R1|CD83|THEMIS2|QPCT|P2RY13|APOBR|TMCC3|SAMSN1|MMP25|CLEC7A|TLR10|SLC24A4|NFAM1|GPR141,-23,0
1,0,-25,0,M40229,M10,1,0,Cell Type Signatures,7,DESCARTES FETAL LIVER MYELOID CELLS,,-25,12,18,30337,209,400,33,8.2,1.4,719|1230|2015|2204|2219|2357|3101|3162|3576|3687|4648|6324|8685|9473|10288|10326|11024|11025|27036|27180|51311|53829|58484|64581|79168|123041|126014|126364|150372|284759|353514|100049587|100506115,C3AR1|CCR1|ADGRE1|FCAR|FCN1|FPR1|HK3|HMOX1|CXCL8|ITGAX|MYO7B|SCN1B|MARCO|THEMIS2|LILRB2|SIRPB1|LILRA1|LILRB3|SIGLEC7|SIGLEC9|TLR8|P2RY13|NLRC4|CLEC7A|LILRA6|SLC24A4|OSCAR|LRRC25|NFAM1|SIRPB2|LILRA5|SIGLEC14|PELATON,-22,0
1,1,-24,-3,M39166,M11,2,0,Cell Type Signatures,7,GAO LARGE INTESTINE ADULT CI MESENCHYMAL CELLS,,-24,8.4,16,30337,361,400,40,10,1.5,101|240|241|399|951|963|969|1439|2124|3383|3689|3936|4046|4689|5023|5142|5552|5788|6503|6515|7454|8140|8477|8530|9473|9535|9595|9839|11314|27128|54331|54518|55843|64092|64333|79930|117289|170954|653361|654817,ADAM8|ALOX5|ALOX5AP|RHOH|CD37|CD53|CD69|CSF2RB|EVI2B|ICAM1|ITGB2|LCP1|LSP1|NCF4|P2RX1|PDE4B|SRGN|PTPRC|SLA|SLC2A3|WAS|SLC7A5|GPR65|CST7|THEMIS2|GMFG|CYTIP|ZEB2|CD300A|CYTH4|GNG2|APBB1IP|ARHGAP15|SAMSN1|ARHGAP9|DOK3|TAGAP|PPP1R18|NCF1|NCF1C,-21,0
1,0,-24,0,M41751,M10,1,0,Cell Type Signatures,7,RUBENSTEIN SKELETAL MUSCLE MYELOID CELLS,,-24,8.5,16,30337,347,400,39,9.8,1.5,597|728|929|951|963|2207|2219|2353|2354|2357|3055|3553|3576|3689|3936|4046|4332|5265|5329|5341|5552|5788|5997|6279|6280|6283|6688|7538|7940|8870|9308|9535|10135|10437|64407|64581|170954|200315|353514,BCL2A1|C5AR1|CD14|CD37|CD53|FCER1G|FCN1|FOS|FOSB|FPR1|HCK|IL1B|CXCL8|ITGB2|LCP1|LSP1|MNDA|SERPINA1|PLAUR|PLEK|SRGN|PTPRC|RGS2|S100A8|S100A9|S100A12|SPI1|ZFP36|LST1|IER3|CD83|GMFG|NAMPT|IFI30|RGS18|CLEC7A|PPP1R18|APOBEC3A|LILRA5,-21,0
1,0,-24,0,M39130,M10,1,0,Cell Type Signatures,7,AIZARANI LIVER C31 KUPFFER CELLS 5,,-24,16,20,30337,120,400,26,6.5,1.2,728|1830|2124|2207|2219|2268|3553|3557|3687|5329|5997|6556|7133|7940|8685|8740|9839|10135|10288|11025|55824|64581|91662|200315|342510|100506115,C5AR1|DSG3|EVI2B|FCER1G|FCN1|FGR|IL1B|IL1RN|ITGAX|PLAUR|RGS2|SLC11A1|TNFRSF1B|LST1|MARCO|TNFSF14|ZEB2|NAMPT|LILRB2|LILRB3|PAG1|CLEC7A|NLRP12|APOBEC3A|CD300E|PELATON,-21,0
1,0,-23,0,M40289,M10,1,0,Cell Type Signatures,7,DESCARTES FETAL SPLEEN MYELOID CELLS,,-23,15,19,30337,129,400,26,6.5,1.2,719|2015|2204|2219|3055|3101|3553|3557|3586|3687|4332|5008|5791|7850|9473|10288|10326|11025|27036|30817|64092|64581|114548|126014|284759|353514,C3AR1|ADGRE1|FCAR|FCN1|HCK|HK3|IL1B|IL1RN|IL10|ITGAX|MNDA|OSM|PTPRE|IL1R2|THEMIS2|LILRB2|SIRPB1|LILRB3|SIGLEC7|ADGRE2|SAMSN1|CLEC7A|NLRP3|OSCAR|SIRPB2|LILRA5,-20,0
1,0,-22,0,M40005,M10,1,0,Cell Type Signatures,7,BUSSLINGER ESOPHAGEAL DENDRITIC CELLS,,-22,11,17,30337,214,400,31,7.8,1.3,101|240|241|951|1439|2124|2353|2354|3055|3553|3687|3689|3936|4046|4050|5329|5341|5552|5743|5788|5997|6503|6515|6688|7538|7940|9308|9770|10437|23135|23601,ADAM8|ALOX5|ALOX5AP|CD37|CSF2RB|EVI2B|FOS|FOSB|HCK|IL1B|ITGAX|ITGB2|LCP1|LSP1|LTB|PLAUR|PLEK|SRGN|PTGS2|PTPRC|RGS2|SLA|SLC2A3|SPI1|ZFP36|LST1|CD83|RASSF2|IFI30|KDM6B|CLEC5A,-20,0
1,1,-22,-2.1,M41701,M11,2,0,Cell Type Signatures,7,TRAVAGLINI LUNG NONCLASSICAL MONOCYTE CELL,,-22,12,17,30337,180,400,29,7.2,1.3,597|728|2015|2207|2219|2268|3055|3101|3162|3687|5265|6556|6688|7099|7133|7940|9473|9839|11314|30817|53829|55824|64407|64581|123041|126364|150372|342510|353514,BCL2A1|C5AR1|ADGRE1|FCER1G|FCN1|FGR|HCK|HK3|HMOX1|ITGAX|SERPINA1|SLC11A1|SPI1|TLR4|TNFRSF1B|LST1|THEMIS2|ZEB2|CD300A|ADGRE2|P2RY13|PAG1|RGS18|CLEC7A|SLC24A4|LRRC25|NFAM1|CD300E|LILRA5,-20,0
1,0,-22,0,M40302,M10,1,0,Cell Type Signatures,7,DESCARTES FETAL STOMACH MYELOID CELLS,,-22,21,20,30337,76,400,21,5.2,1.1,240|929|1441|2207|3055|3553|3687|4318|4542|5329|5341|6279|6688|7133|9308|10437|11314|30817|64581|80183|150372,ALOX5|CD14|CSF3R|FCER1G|HCK|IL1B|ITGAX|MMP9|MYO1F|PLAUR|PLEK|S100A8|SPI1|TNFRSF1B|CD83|IFI30|CD300A|ADGRE2|CLEC7A|RUBCNL|NFAM1,-19,0
1,1,-21,-2.4,M39306,M11,2,0,Cell Type Signatures,7,CUI DEVELOPING HEART C9 B T CELL,,-21,13,17,30337,155,400,26,6.5,1.2,399|951|963|969|2207|3689|3936|4046|4050|5552|5788|5880|6402|6515|7538|7852|8477|8530|9535|9595|10581|54331|55843|64092|64333|117289,RHOH|CD37|CD53|CD69|FCER1G|ITGB2|LCP1|LSP1|LTB|SRGN|PTPRC|RAC2|SELL|SLC2A3|ZFP36|CXCR4|GPR65|CST7|GMFG|CYTIP|IFITM2|GNG2|ARHGAP15|SAMSN1|ARHGAP9|TAGAP,-18,0
1,0,-20,0,M40187,M10,1,0,Cell Type Signatures,7,DESCARTES FETAL EYE MICROGLIA,,-20,13,16,30337,151,400,25,6.2,1.2,399|752|929|951|1441|1960|3055|3684|3689|3936|4542|4973|5341|5788|6347|6688|6696|7462|9308|10894|23533|27128|54518|55843|64581,RHOH|FMNL1|CD14|CD37|CSF3R|EGR3|HCK|ITGAM|ITGB2|LCP1|MYO1F|OLR1|PLEK|PTPRC|CCL2|SPI1|SPP1|LAT2|CD83|LYVE1|PIK3R5|CYTH4|APBB1IP|ARHGAP15|CLEC7A,-17,0
1,0,-19,0,M41692,M10,1,0,Cell Type Signatures,7,TRAVAGLINI LUNG MACROPHAGE CELL,,-19,10,15,30337,201,400,27,6.8,1.3,241|366|597|719|1839|2180|2207|2212|2357|3055|3552|3553|3557|3576|3624|4327|4973|5265|5329|6364|6556|8685|54210|56729|126014|140885|199675,ALOX5AP|AQP9|BCL2A1|C3AR1|HBEGF|ACSL1|FCER1G|FCGR2A|FPR1|HCK|IL1A|IL1B|IL1RN|CXCL8|INHBA|MMP19|OLR1|SERPINA1|PLAUR|CCL20|SLC11A1|MARCO|TREM1|RETN|OSCAR|SIRPA|MCEMP1,-16,0
1,1,-18,-2.1,M39201,M11,2,0,Cell Type Signatures,7,HAY BONE MARROW MONOCYTE,,-18,9.4,15,30337,227,400,28,7,1.3,719|728|752|838|943|1084|2015|2207|2268|3055|3101|3687|5023|5265|6688|7133|7454|7940|9473|9595|10288|11024|11027|30817|126364|285286|353514|100506115,C3AR1|C5AR1|FMNL1|CASP5|TNFRSF8|CEACAM3|ADGRE1|FCER1G|FGR|HCK|HK3|ITGAX|P2RX1|SERPINA1|SPI1|TNFRSF1B|WAS|LST1|THEMIS2|CYTIP|LILRB2|LILRA1|LILRA2|ADGRE2|LRRC25|LINC00877|LILRA5|PELATON,-16,0
1,0,-18,0,M41698,M10,1,0,Cell Type Signatures,7,TRAVAGLINI LUNG TREM2 DENDRITIC CELL,,-18,5.4,12,30337,572,400,41,10,1.5,240|719|728|820|929|1118|2012|2207|2212|2316|3055|3162|3290|3684|3687|3689|4318|4332|4973|5265|5329|6556|6688|6696|8685|9473|10437|11025|25797|26253|50486|53346|54210|56729|64581|83706|126014|140885|199675|653361|654817,ALOX5|C3AR1|C5AR1|CAMP|CD14|CHIT1|EMP1|FCER1G|FCGR2A|FLNA|HCK|HMOX1|HSD11B1|ITGAM|ITGAX|ITGB2|MMP9|MNDA|OLR1|SERPINA1|PLAUR|SLC11A1|SPI1|SPP1|MARCO|THEMIS2|IFI30|LILRB3|QPCT|CLEC4E|G0S2|TM6SF1|TREM1|RETN|CLEC7A|FERMT3|OSCAR|SIRPA|MCEMP1|NCF1|NCF1C,-15,0
1,0,-18,0,M40259,M10,1,0,Cell Type Signatures,7,DESCARTES FETAL MUSCLE MYELOID CELLS,,-18,13,16,30337,130,400,22,5.5,1.1,719|929|1378|2219|3055|3162|3684|4332|4689|6280|6688|6696|9308|9595|27128|53829|64581|115727|144423|150372|284759|388387,C3AR1|CD14|CR1|FCN1|HCK|HMOX1|ITGAM|MNDA|NCF4|S100A9|SPI1|SPP1|CD83|CYTIP|CYTH4|P2RY13|CLEC7A|RASGRP4|GLT1D1|NFAM1|SIRPB2|LINC00671,-15,0
1,0,-17,0,M39021,M10,1,0,Cell Type Signatures,7,FAN EMBRYONIC CTX BIG GROUPS BRAIN IMMUNE,,-17,12,15,30337,148,400,23,5.8,1.2,399|951|969|2124|2207|2353|3385|3689|3936|4046|4050|5552|5788|5880|6402|7538|9535|9595|10581|55843|64333|83706|117289,RHOH|CD37|CD69|EVI2B|FCER1G|FOS|ICAM3|ITGB2|LCP1|LSP1|LTB|SRGN|PTPRC|RAC2|SELL|ZFP36|GMFG|CYTIP|IFITM2|ARHGAP15|ARHGAP9|FERMT3|TAGAP,-15,0
1,1,-17,-3.2,M39200,M11,2,0,Cell Type Signatures,7,HAY BONE MARROW IMMATURE NEUTROPHIL,,-17,9.8,14,30337,194,400,25,6.2,1.2,597|1230|1839|2124|2212|3162|3383|3553|3937|5209|7056|7378|8685|8843|8870|9839|10135|10437|23135|50486|50856|64581|114548|200315|342510,BCL2A1|CCR1|HBEGF|EVI2B|FCGR2A|HMOX1|ICAM1|IL1B|LCP2|PFKFB3|THBD|UPP1|MARCO|HCAR3|IER3|ZEB2|NAMPT|IFI30|KDM6B|G0S2|CLEC4A|CLEC7A|NLRP3|APOBEC3A|CD300E,-14,0
1,0,-17,0,M39282,M10,1,0,Cell Type Signatures,7,DURANTE ADULT OLFACTORY NEUROEPITHELIUM MACROPHAGES,,-17,17,17,30337,81,400,18,4.5,1,719|929|2207|2212|3553|3689|4332|5329|5552|5997|6688|7852|7940|9308|10437|53829|64581|221692,C3AR1|CD14|FCER1G|FCGR2A|IL1B|ITGB2|MNDA|PLAUR|SRGN|RGS2|SPI1|CXCR4|LST1|CD83|IFI30|P2RY13|CLEC7A|PHACTR1,-14,0
1,0,-16,0,M40004,M10,1,0,Cell Type Signatures,7,BUSSLINGER ESOPHAGEAL LATE SUPRABASAL CELLS,,-16,11,14,30337,140,400,21,5.2,1.1,978|1824|1830|3557|3853|3854|3860|6279|6280|6698|6699|6700|6703|6707|8796|26085|27076|51458|144568|286887|342897,CDA|DSC2|DSG3|IL1RN|KRT6A|KRT6B|KRT13|S100A8|S100A9|SPRR1A|SPRR1B|SPRR2A|SPRR2D|SPRR3|SCEL|KLK13|LYPD3|RHCG|A2ML1|KRT6C|NCCRP1,-13,0
1,0,-13,0,M39294,M10,1,0,Cell Type Signatures,7,DURANTE ADULT OLFACTORY NEUROEPITHELIUM MAST CELLS,,-13,15,14,30337,75,400,15,3.8,0.95,241|951|969|1960|2207|5329|5552|5743|5880|5997|6347|8477|9173|9308|64092,ALOX5AP|CD37|CD69|EGR3|FCER1G|PLAUR|SRGN|PTGS2|RAC2|RGS2|CCL2|GPR65|IL1RL1|CD83|SAMSN1,-11,0
1,1,-13,-2.8,M39109,M11,2,0,Cell Type Signatures,7,AIZARANI LIVER C5 NK NKT CELLS 3,,-13,11,13,30337,126,400,18,4.5,1,241|963|969|2207|3689|3936|5341|5552|5788|5880|6503|7852|8530|9437|9595|54331|64333|117289,ALOX5AP|CD53|CD69|FCER1G|ITGB2|LCP1|PLEK|SRGN|PTPRC|RAC2|SLA|CXCR4|CST7|NCR1|CYTIP|GNG2|ARHGAP9|TAGAP,-11,0
1,0,-13,0,M39287,M10,1,0,Cell Type Signatures,7,DURANTE ADULT OLFACTORY NEUROEPITHELIUM NK CELLS,,-13,14,13,30337,84,400,15,3.8,0.95,963|969|2207|3689|3936|4046|4542|5341|5552|5788|5880|7852|8477|8530|10581,CD53|CD69|FCER1G|ITGB2|LCP1|LSP1|MYO1F|PLEK|SRGN|PTPRC|RAC2|CXCR4|GPR65|CST7|IFITM2,-10,0
1,1,-12,-2.4,M40237,M11,2,0,Cell Type Signatures,7,DESCARTES FETAL LUNG SQUAMOUS EPITHELIAL CELLS,,-12,7.7,11,30337,206,400,21,5.2,1.1,1824|2069|3557|3860|3861|3868|6280|6699|6700|6703|6707|7439|8685|8796|27076|51458|54544|84518|144568|200315|342897,DSC2|EREG|IL1RN|KRT13|KRT14|KRT16|S100A9|SPRR1B|SPRR2A|SPRR2D|SPRR3|BEST1|MARCO|SCEL|LYPD3|RHCG|CRCT1|CNFN|A2ML1|APOBEC3A|NCCRP1,-10,0
1,0,-11,0,M40299,M10,1,0,Cell Type Signatures,7,DESCARTES FETAL STOMACH SQUAMOUS EPITHELIAL CELLS,,-11,15,13,30337,67,400,13,3.2,0.89,1308|1830|3853|3854|3860|3868|6280|6707|10804|27076|144568|200315|286887,COL17A1|DSG3|KRT6A|KRT6B|KRT13|KRT16|S100A9|SPRR3|GJB6|LYPD3|A2ML1|APOBEC3A|KRT6C,-9.3,0
1,0,-11,0,M41690,M10,1,0,Cell Type Signatures,7,TRAVAGLINI LUNG BASOPHIL MAST 2 CELL,,-11,4.5,9.2,30337,502,400,30,7.5,1.3,240|399|597|969|1439|1960|2354|3383|4001|5023|5329|5552|5743|5997|6347|6515|7462|7538|8477|8809|9021|9173|9308|10938|23135|55824|57817|64092|64651|101927153,ALOX5|RHOH|BCL2A1|CD69|CSF2RB|EGR3|FOSB|ICAM1|LMNB1|P2RX1|PLAUR|SRGN|PTGS2|RGS2|CCL2|SLC2A3|LAT2|ZFP36|GPR65|IL18R1|SOCS3|IL1RL1|CD83|EHD1|KDM6B|PAG1|HAMP|SAMSN1|CSRNP1|LINC02207,-9,0
1,1,-11,-2.6,M39121,M11,2,0,Cell Type Signatures,7,AIZARANI LIVER C20 LSECS 3,,-11,5.9,9.8,30337,295,400,23,5.8,1.2,133|929|1901|2012|2321|3383|3678|5138|5329|6515|6781|7056|7378|9021|9173|9510|9839|10135|10894|22918|23135|28231|85450,ADM|CD14|S1PR1|EMP1|FLT1|ICAM1|ITGA5|PDE2A|PLAUR|SLC2A3|STC1|THBD|UPP1|SOCS3|IL1RL1|ADAMTS1|ZEB2|NAMPT|LYVE1|CD93|KDM6B|SLCO4A1|ITPRIP,-8.8,0
1,0,-11,0,M40122,M10,1,0,Cell Type Signatures,7,DESCARTES MAIN FETAL SQUAMOUS EPITHELIAL CELLS,,-11,9.4,11,30337,129,400,16,4,0.98,1830|3853|3854|3861|3868|6698|6700|6703|6707|27076|51458|54544|144568|286887|342897|389208,DSG3|KRT6A|KRT6B|KRT14|KRT16|SPRR1A|SPRR2A|SPRR2D|SPRR3|LYPD3|RHCG|CRCT1|A2ML1|KRT6C|NCCRP1|TMPRSS11F,-8.7,0
1,1,-11,-2,M39046,M11,2,0,Cell Type Signatures,7,FAN EMBRYONIC CTX BRAIN EFFECTOR T CELL,,-11,9.3,11,30337,131,400,16,4,0.98,101|969|2268|3385|3936|4046|5341|5552|5788|5880|8477|8530|8807|9535|9595|10581,ADAM8|CD69|FGR|ICAM3|LCP1|LSP1|PLEK|SRGN|PTPRC|RAC2|GPR65|CST7|IL18RAP|GMFG|CYTIP|IFITM2,-8.6,0
1,0,-10,0,M39045,M10,1,0,Cell Type Signatures,7,FAN EMBRYONIC CTX BRAIN B CELL,,-10,11,11,30337,100,400,14,3.5,0.92,240|399|951|969|4046|4050|5142|5880|7852|9595|55843|115350|653361|654817,ALOX5|RHOH|CD37|CD69|LSP1|LTB|PDE4B|RAC2|CXCR4|CYTIP|ARHGAP15|FCRL1|NCF1|NCF1C,-8.2,0
1,0,-9.7,0,M39275,M10,1,0,Cell Type Signatures,7,DURANTE ADULT OLFACTORY NEUROEPITHELIUM CD8 T CELLS,,-9.7,12,11,30337,73,400,12,3,0.85,241|969|3936|4046|5788|5880|7852|8530|9535|9595|64092|117289,ALOX5AP|CD69|LCP1|LSP1|PTPRC|RAC2|CXCR4|CST7|GMFG|CYTIP|SAMSN1|TAGAP,-7.7,0
1,0,-9.6,0,M40191,M10,1,0,Cell Type Signatures,7,DESCARTES FETAL HEART MEGAKARYOCYTES,,-9.6,9.6,10,30337,111,400,14,3.5,0.92,2069|4354|4778|5023|5341|5473|6374|6515|23569|64407|80739|83706|146225|101929559,EREG|MPP1|NFE2|P2RX1|PLEK|PPBP|CXCL5|SLC2A3|PADI4|RGS18|MPIG6B|FERMT3|CMTM2|PIRAT1,-7.6,0
1,0,-9.6,0,M40080,M10,1,0,Cell Type Signatures,7,DESCARTES MAIN FETAL MICROGLIA,,-9.6,7.2,9.7,30337,178,400,17,4.2,1,241|1959|1960|2212|2357|3656|3687|4973|6556|6696|7099|53346|53829|53831|54518|64092|80183,ALOX5AP|EGR2|EGR3|FCGR2A|FPR1|IRAK2|ITGAX|OLR1|SLC11A1|SPP1|TLR4|TM6SF1|P2RY13|GPR84|APBB1IP|SAMSN1|RUBCNL,-7.6,0
0,1,0,-9.5,M39102,M01,1,0,Cell Type Signatures,7,ZHONG PFC C3 ASTROCYTE,,-9.5,5.5,8.9,30337,389,296,21,7.1,1.5,1759|1952|1953|3665|4784|5802|7799|9612|9715|10458|11033|23030|26053|26960|55684|57648|57666|79805|116986|150726|494470,DNM1|CELSR2|MEGF6|IRF7|NFIX|PTPRS|PRDM2|NCOR2|FAM131B|BAIAP2|ADAP1|KDM4B|AUTS2|NBEA|RABL6|NHSL3|FBRSL1|VASH2|AGAP2|FBXO41|ARK2C,-7.5,0
1,1,-3.6,-9.3,M39039,M11,2,0,Cell Type Signatures,7,FAN EMBRYONIC CTX BRAIN ENDOTHELIAL 1,,-9.3,5.1,8.7,30337,440,296,22,7.4,1.5,1953|2022|2034|3983|5998|6196|7171|8140|8519|8553|10044|11156|23187|51090|54345|79026|79652|79661|79778|85379|134265|219699,MEGF6|ENG|EPAS1|ABLIM1|RGS3|RPS6KA2|TPM4|SLC7A5|IFITM1|BHLHE40|SH2D3C|PTP4A3|PHLDB1|PLLP|SOX18|AHNAK|TMEM204|NEIL1|MICALL2|KIAA1671|AFAP1L1|UNC5B,-7.4,0
1,1,-9.2,-3.9,M39050,M11,2,0,Cell Type Signatures,7,MANNO MIDBRAIN NEUROTYPES HPERIC,,-9.2,3.3,7.7,30337,795,400,35,8.8,1.4,762|1839|1903|1959|1960|2316|2353|2354|2687|2828|3937|5138|5329|5743|6347|6515|7130|7288|7538|9021|9510|9535|9754|10235|10581|26353|27076|55824|55843|64386|64651|85450|140706|144195|286006,CA4|HBEGF|S1PR3|EGR2|EGR3|FLNA|FOS|FOSB|GGT5|GPR4|LCP2|PDE2A|PLAUR|PTGS2|CCL2|SLC2A3|TNFAIP6|TULP2|ZFP36|SOCS3|ADAMTS1|GMFG|STARD8|RASGRP2|IFITM2|HSPB8|LYPD3|PAG1|ARHGAP15|MMP25|CSRNP1|ITPRIP|CCM2L|SLC2A14|LSMEM1,-7.3,0
1,0,-9.2,0,M39322,M10,1,0,Cell Type Signatures,7,CUI DEVELOPING HEART VALVAR ENDOTHELIAL CELL,,-9.2,8.1,9.7,30337,141,400,15,3.8,0.95,1839|2180|3576|4327|5743|6364|6402|6781|7056|7130|9021|9510|10135|26353|85450,HBEGF|ACSL1|CXCL8|MMP19|PTGS2|CCL20|SELL|STC1|THBD|TNFAIP6|SOCS3|ADAMTS1|NAMPT|HSPB8|ITPRIP,-7.3,0
1,1,-9.2,-5.5,M39176,M11,2,0,Cell Type Signatures,7,MURARO PANCREAS ENDOTHELIAL CELL,,-9.2,4.8,8.4,30337,362,400,23,5.8,1.2,1439|2012|2321|2828|3142|3383|3678|5138|5552|5791|6515|6615|6781|7056|7378|7852|9021|9535|10581|22918|57580|85450|170954,CSF2RB|EMP1|FLT1|GPR4|HLX|ICAM1|ITGA5|PDE2A|SRGN|PTPRE|SLC2A3|SNAI1|STC1|THBD|UPP1|CXCR4|SOCS3|GMFG|IFITM2|CD93|PREX1|ITPRIP|PPP1R18,-7.2,0
1,0,-9.1,0,M41669,M10,1,0,Cell Type Signatures,7,TRAVAGLINI LUNG BRONCHIAL VESSEL 2 CELL,,-9.1,5.6,8.8,30337,272,400,20,5,1.1,133|654|1839|1960|2012|2354|5209|5329|5552|6515|6615|7056|7538|9021|9510|10135|10581|23135|64651|85450,ADM|BMP6|HBEGF|EGR3|EMP1|FOSB|PFKFB3|PLAUR|SRGN|SLC2A3|SNAI1|THBD|ZFP36|SOCS3|ADAMTS1|NAMPT|IFITM2|KDM6B|CSRNP1|ITPRIP,-7.2,0
1,0,-9.1,0,M41706,M10,1,0,Cell Type Signatures,7,FAN OVARY CL4 T LYMPHOCYTE NK CELL 1,,-9.1,5.9,8.8,30337,246,400,19,4.8,1.1,241|951|963|969|2316|3689|3936|4046|5552|5788|7133|7538|7852|8530|8698|9595|10581|54331|64092,ALOX5AP|CD37|CD53|CD69|FLNA|ITGB2|LCP1|LSP1|SRGN|PTPRC|TNFRSF1B|ZFP36|CXCR4|CST7|S1PR4|CYTIP|IFITM2|GNG2|SAMSN1,-7.2,0
1,0,-8.8,0,M41749,M10,1,0,Cell Type Signatures,7,RUBENSTEIN SKELETAL MUSCLE NK CELLS,,-8.8,6,8.8,30337,226,400,18,4.5,1,241|951|963|969|2207|2316|3689|3936|5341|5552|5788|5880|8477|8530|9535|10581|54331|170954,ALOX5AP|CD37|CD53|CD69|FCER1G|FLNA|ITGB2|LCP1|PLEK|SRGN|PTPRC|RAC2|GPR65|CST7|GMFG|IFITM2|GNG2|PPP1R18,-6.9,0
1,0,-8.8,0,M39297,M10,1,0,Cell Type Signatures,7,DURANTE ADULT OLFACTORY NEUROEPITHELIUM MONOCYTES,,-8.8,18,12,30337,39,400,9,2.2,0.74,2207|3553|4332|5552|5997|7940|9308|10437|221692,FCER1G|IL1B|MNDA|SRGN|RGS2|LST1|CD83|IFI30|PHACTR1,-6.9,0
1,0,-8.7,0,M41753,M10,1,0,Cell Type Signatures,7,RUBENSTEIN SKELETAL MUSCLE B CELLS,,-8.7,6.9,9,30337,177,400,16,4,0.98,241|399|951|963|969|2124|4050|5788|5880|6402|7852|9308|9535|10235|115350|653361,ALOX5AP|RHOH|CD37|CD53|CD69|EVI2B|LTB|PTPRC|RAC2|SELL|CXCR4|CD83|GMFG|RASGRP2|FCRL1|NCF1,-6.8,0
1,0,-7.9,0,M41720,M10,1,0,Cell Type Signatures,7,FAN OVARY CL18 B LYMPHOCYTE,,-7.9,4.1,7.5,30337,422,400,23,5.8,1.2,241|752|951|963|2124|2207|3936|4046|4050|5341|5552|5997|6402|7852|8140|8477|9308|9473|9595|55824|83706|221692|653361,ALOX5AP|FMNL1|CD37|CD53|EVI2B|FCER1G|LCP1|LSP1|LTB|PLEK|SRGN|RGS2|SELL|CXCR4|SLC7A5|GPR65|CD83|THEMIS2|CYTIP|PAG1|FERMT3|PHACTR1|NCF1,-6.1,0
1,0,-7.8,0,M39289,M10,1,0,Cell Type Signatures,7,DURANTE ADULT OLFACTORY NEUROEPITHELIUM B CELLS,,-7.8,17,11,30337,35,400,8,2,0.7,951|963|969|2124|4050|7852|9308|117289,CD37|CD53|CD69|EVI2B|LTB|CXCR4|CD83|TAGAP,-6,0
1,1,-7.6,-3,M39105,M11,2,0,Cell Type Signatures,7,AIZARANI LIVER C1 NK NKT CELLS 1,,-7.6,6.8,8.4,30337,157,400,14,3.5,0.92,241|963|2316|3689|3936|5788|5880|6503|7133|7852|8530|9595|64333|170954,ALOX5AP|CD53|FLNA|ITGB2|LCP1|PTPRC|RAC2|SLA|TNFRSF1B|CXCR4|CST7|CYTIP|ARHGAP9|PPP1R18,-5.8,0
1,0,-7.5,0,M41689,M10,1,0,Cell Type Signatures,7,TRAVAGLINI LUNG BASOPHIL MAST 1 CELL,,-7.5,4.9,7.6,30337,276,400,18,4.5,1,241|399|969|1439|2353|2354|4354|5023|5552|5743|5880|5997|7462|8477|8809|9173|53346|64092,ALOX5AP|RHOH|CD69|CSF2RB|FOS|FOSB|MPP1|P2RX1|SRGN|PTGS2|RAC2|RGS2|LAT2|GPR65|IL18R1|IL1RL1|TM6SF1|SAMSN1,-5.7,0
1,0,-7.4,0,M40146,M10,1,0,Cell Type Signatures,7,DESCARTES FETAL ADRENAL MEGAKARYOCYTES,,-7.4,7.9,8.6,30337,115,400,12,3,0.85,5023|5341|5473|10335|23569|64407|80739|83706|146225|199675|100506159|101929559,P2RX1|PLEK|PPBP|IRAG1|PADI4|RGS18|MPIG6B|FERMT3|CMTM2|MCEMP1|LINC02470|PIRAT1,-5.6,0
1,1,-3.9,-7.1,M40158,M11,2,0,Cell Type Signatures,7,DESCARTES FETAL CEREBELLUM VASCULAR ENDOTHELIAL CELLS,,-7.1,3.7,6.9,30337,632,296,23,7.8,1.6,218|864|1969|2022|2034|3090|3339|5998|8140|8519|8553|10044|11156|26153|26468|53637|54345|79026|79652|92922|134265|219699|348645,ALDH3A1|RUNX3|EPHA2|ENG|EPAS1|HIC1|HSPG2|RGS3|SLC7A5|IFITM1|BHLHE40|SH2D3C|PTP4A3|KIF26A|LHX6|S1PR5|SOX18|AHNAK|TMEM204|CCDC102A|AFAP1L1|UNC5B|MIR3667HG,-5.3,0
1,0,-6.7,0,M40077,M10,1,0,Cell Type Signatures,7,DESCARTES MAIN FETAL LYMPHOID CELLS,,-6.7,6.3,7.7,30337,157,400,13,3.2,0.89,752|951|969|7852|8698|8807|9437|9595|64333|115350|117289|266747|654817,FMNL1|CD37|CD69|CXCR4|S1PR4|IL18RAP|NCR1|CYTIP|ARHGAP9|FCRL1|TAGAP|RGL4|NCF1C,-5,0
1,1,-6.6,-3.6,M39128,M11,2,0,Cell Type Signatures,7,AIZARANI LIVER C29 MVECS 2,,-6.6,4.4,6.9,30337,313,400,18,4.5,1,1839|1901|2012|2321|2354|3678|6781|7056|7099|7378|9021|9173|9510|10581|22918|23135|57458|85450,HBEGF|S1PR1|EMP1|FLT1|FOSB|ITGA5|STC1|THBD|TLR4|UPP1|SOCS3|IL1RL1|ADAMTS1|IFITM2|CD93|KDM6B|TMCC3|ITPRIP,-4.9,0
1,0,-6.6,0,M39133,M10,1,0,Cell Type Signatures,7,AIZARANI LIVER C34 MHC II POS B CELLS,,-6.6,6.8,7.8,30337,134,400,12,3,0.85,951|1960|2124|4050|6402|7852|9308|79930|80183|81793|115350|653361,CD37|EGR3|EVI2B|LTB|SELL|CXCR4|CD83|DOK3|RUBCNL|TLR10|FCRL1|NCF1,-4.9,0
1,0,-6.6,0,M39107,M10,1,0,Cell Type Signatures,7,AIZARANI LIVER C3 NK NKT CELLS 2,,-6.6,6.1,7.5,30337,162,400,13,3.2,0.89,399|963|969|3936|4050|5788|5880|6503|7852|8807|9595|55824|117289,RHOH|CD53|CD69|LCP1|LTB|PTPRC|RAC2|SLA|CXCR4|IL18RAP|CYTIP|PAG1|TAGAP,-4.9,0
0,1,0,-6.6,M39111,M01,1,0,Cell Type Signatures,7,AIZARANI LIVER C7 EPCAM POS BILE DUCT CELLS 2,,-6.6,6.1,7.5,30337,219,296,13,4.4,1.2,1969|1999|3983|4782|5909|6649|7171|7465|23327|23654|56937|57648|647024,EPHA2|ELF3|ABLIM1|NFIC|RAP1GAP|SOD3|TPM4|WEE1|NEDD4L|PLXNB2|PMEPA1|NHSL3|C6orf132,-4.9,0
1,1,-5.3,-6.5,M39175,M11,2,0,Cell Type Signatures,7,MURARO PANCREAS MESENCHYMAL STROMAL CELL,,-6.5,3.5,6.5,30337,680,296,23,7.8,1.6,639|832|2034|3090|4053|4782|7078|7171|8519|8553|9516|9536|9828|9902|10160|23180|23187|56937|79026|79652|84627|89796|219699,PRDM1|CAPZB|EPAS1|HIC1|LTBP2|NFIC|TIMP3|TPM4|IFITM1|BHLHE40|LITAF|PTGES|ARHGEF17|MRC2|FARP1|RFTN1|PHLDB1|PMEPA1|AHNAK|TMEM204|ZNF469|NAV1|UNC5B,-4.9,0
1,1,-6.5,-3.3,M39167,M11,2,0,Cell Type Signatures,7,GAO LARGE INTESTINE ADULT CJ IMMUNE CELLS,,-6.5,3.5,6.4,30337,505,400,23,5.8,1.2,1441|1903|2316|2321|2687|3678|4327|5138|5328|5341|6347|6515|6781|7056|9510|9754|9839|10335|10763|22918|140706|170954|339761,CSF3R|S1PR3|FLNA|FLT1|GGT5|ITGA5|MMP19|PDE2A|PLAU|PLEK|CCL2|SLC2A3|STC1|THBD|ADAMTS1|STARD8|ZEB2|IRAG1|NES|CD93|CCM2L|PPP1R18|CYP27C1,-4.8,0
1,1,-6.5,-6.3,M39122,M11,2,0,Cell Type Signatures,7,AIZARANI LIVER C21 STELLATE CELLS 1,,-6.5,5.5,7.2,30337,194,400,14,3.5,0.92,2012|2353|2354|2687|4327|5997|6347|7538|8870|9021|9173|9510|10581|64651,EMP1|FOS|FOSB|GGT5|MMP19|RGS2|CCL2|ZFP36|IER3|SOCS3|IL1RL1|ADAMTS1|IFITM2|CSRNP1,-4.8,0
1,1,-2.6,-6.4,M41659,M11,2,0,Cell Type Signatures,7,TRAVAGLINI LUNG ALVEOLAR EPITHELIAL TYPE 1 CELL,,-6.4,4.5,6.8,30337,391,296,17,5.7,1.4,1312|1523|2621|3339|3983|5154|5209|5590|7078|7171|23136|23327|51090|54453|57224|64359|79026,COMT|CUX1|GAS6|HSPG2|ABLIM1|PDGFA|PFKFB3|PRKCZ|TIMP3|TPM4|EPB41L3|NEDD4L|PLLP|RIN2|NHSL1|NXN|AHNAK,-4.8,0
0,1,0,-6.4,M39104,M01,1,0,Cell Type Signatures,7,ZHONG PFC C3 MICROGLIA,,-6.4,4,6.6,30337,488,296,19,6.4,1.4,1759|1952|2817|3983|4774|4784|5361|10458|11156|11332|23030|26960|55182|57593|79058|89796|116988|153090|494470,DNM1|CELSR2|GPC1|ABLIM1|NFIA|NFIX|PLXNA1|BAIAP2|PTP4A3|ACOT7|KDM4B|NBEA|RNF220|EBF4|ASPSCR1|NAV1|AGAP3|DAB2IP|ARK2C,-4.7,0
1,1,-6.2,-4.8,M39114,M11,2,0,Cell Type Signatures,7,AIZARANI LIVER C10 MVECS 1,,-6.2,4.5,6.7,30337,269,400,16,4,0.98,1901|2012|2321|2354|3678|5138|7056|8291|9021|9510|10763|22918|57458|64651|85450|140706,S1PR1|EMP1|FLT1|FOSB|ITGA5|PDE2A|THBD|DYSF|SOCS3|ADAMTS1|NES|CD93|TMCC3|CSRNP1|ITPRIP|CCM2L,-4.5,0
1,0,-6.1,0,M40069,M10,1,0,Cell Type Signatures,7,DESCARTES MAIN FETAL MEGAKARYOCYTES,,-6.1,5.1,6.9,30337,207,400,14,3.5,0.92,5023|5341|5473|6515|10235|10335|23569|64407|79930|80739|83706|133874|146225|101929559,P2RX1|PLEK|PPBP|SLC2A3|RASGRP2|IRAG1|PADI4|RGS18|DOK3|MPIG6B|FERMT3|C5orf58|CMTM2|PIRAT1,-4.5,0
1,0,-5.9,0,M39047,M10,1,0,Cell Type Signatures,7,FAN EMBRYONIC CTX BRAIN NAIVE LIKE T CELL,,-5.9,5.8,6.9,30337,158,400,12,3,0.85,399|969|3385|4046|4050|5788|5880|6402|7852|9535|9595|55843,RHOH|CD69|ICAM3|LSP1|LTB|PTPRC|RAC2|SELL|CXCR4|GMFG|CYTIP|ARHGAP15,-4.2,0
1,1,-5.9,-2.3,M41666,M11,2,0,Cell Type Signatures,7,TRAVAGLINI LUNG CAPILLARY INTERMEDIATE 1 CELL,,-5.9,5.8,6.9,30337,158,400,12,3,0.85,762|929|3383|3678|5328|6781|6926|9173|9308|26353|28231|57580,CA4|CD14|ICAM1|ITGA5|PLAU|STC1|TBX3|IL1RL1|CD83|HSPB8|SLCO4A1|PREX1,-4.2,0
1,1,-3.9,-5.8,M40167,M11,2,0,Cell Type Signatures,7,DESCARTES FETAL CEREBRUM VASCULAR ENDOTHELIAL CELLS,,-5.8,3.5,6.1,30337,585,296,20,6.8,1.5,218|864|1953|1969|2034|3090|5998|8140|8291|8519|10044|26153|53637|54345|55620|79026|79652|134265|219699|256364,ALDH3A1|RUNX3|MEGF6|EPHA2|EPAS1|HIC1|RGS3|SLC7A5|DYSF|IFITM1|SH2D3C|KIF26A|S1PR5|SOX18|STAP2|AHNAK|TMEM204|AFAP1L1|UNC5B|EML3,-4.2,0
0,1,0,-5.8,M41694,M01,1,0,Cell Type Signatures,7,TRAVAGLINI LUNG PLASMACYTOID DENDRITIC CELL,,-5.8,8.3,7.7,30337,111,296,9,3,1,1969|2621|5802|8140|56937|79805|90427|148641|201305,EPHA2|GAS6|PTPRS|SLC7A5|PMEPA1|VASH2|BMF|SLC35F3|SPNS3,-4.2,0
1,0,-5.6,0,M39276,M10,1,0,Cell Type Signatures,7,DURANTE ADULT OLFACTORY NEUROEPITHELIUM CD4 T CELLS,,-5.6,15,9,30337,30,400,6,1.5,0.61,969|4050|5788|7852|9535|117289,CD69|LTB|PTPRC|CXCR4|GMFG|TAGAP,-4.1,0
1,1,-5.5,-3.1,M39113,M11,2,0,Cell Type Signatures,7,AIZARANI LIVER C9 LSECS 1,,-5.5,4,6.1,30337,304,400,16,4,0.98,133|929|1901|2012|2321|3678|5138|6515|6781|7378|9021|9173|10894|22918|23135|85450,ADM|CD14|S1PR1|EMP1|FLT1|ITGA5|PDE2A|SLC2A3|STC1|UPP1|SOCS3|IL1RL1|LYVE1|CD93|KDM6B|ITPRIP,-3.9,0
1,0,-5.5,0,M39116,M10,1,0,Cell Type Signatures,7,AIZARANI LIVER C12 NK NKT CELLS 4,,-5.5,11,8,30337,49,400,7,1.8,0.66,241|969|3310|3936|5788|5880|8530,ALOX5AP|CD69|HSPA6|LCP1|PTPRC|RAC2|CST7,-3.9,0
1,0,-5.4,0,M39042,M10,1,0,Cell Type Signatures,7,FAN EMBRYONIC CTX MICROGLIA 2,,-5.4,34,11,30337,9,400,4,1,0.5,2354|3553|8870|9308,FOSB|IL1B|IER3|CD83,-3.9,0
0,1,0,-5.4,M39224,M01,1,0,Cell Type Signatures,7,LAKE ADULT KIDNEY C5 PROXIMAL TUBULE EPITHELIAL CELLS STRESS INFLAM,,-5.4,3.9,6,30337,417,296,16,5.4,1.3,1523|1759|4782|4784|5581|6586|23051|51084|51422|54453|55182|79058|84875|85379|284422|100874185,CUX1|DNM1|NFIC|NFIX|PRKCE|SLIT3|ZHX3|CRYL1|PRKAG2|RIN2|RNF220|ASPSCR1|PARP10|KIAA1671|SMIM24|FRMD6-AS2,-3.8,0
1,0,-5.4,0,M40239,M10,1,0,Cell Type Signatures,7,DESCARTES FETAL LUNG MEGAKARYOCYTES,,-5.4,5.2,6.4,30337,176,400,12,3,0.85,654|2316|4354|4778|5023|5341|5473|6515|64407|80739|83706|146225,BMP6|FLNA|MPP1|NFE2|P2RX1|PLEK|PPBP|SLC2A3|RGS18|MPIG6B|FERMT3|CMTM2,-3.8,0
1,0,-5.4,0,M39302,M10,1,0,Cell Type Signatures,7,CUI DEVELOPING HEART C5 VALVAR CELL,,-5.4,4.7,6.3,30337,208,400,13,3.2,0.89,1959|1960|2353|3310|4327|5743|6615|7130|8870|9021|9510|54331|64651,EGR2|EGR3|FOS|HSPA6|MMP19|PTGS2|SNAI1|TNFAIP6|IER3|SOCS3|ADAMTS1|GNG2|CSRNP1,-3.8,0
1,0,-5.2,0,M39215,M10,1,0,Cell Type Signatures,7,ZHENG CORD BLOOD C6 HSC MULTIPOTENT PROGENITOR,,-5.2,7,6.9,30337,97,400,9,2.2,0.74,5552|5788|6515|6696|7133|7852|9473|10135|64092,SRGN|PTPRC|SLC2A3|SPP1|TNFRSF1B|CXCR4|THEMIS2|NAMPT|SAMSN1,-3.7,0
1,0,-5.2,0,M40288,M10,1,0,Cell Type Signatures,7,DESCARTES FETAL SPLEEN LYMPHOID CELLS,,-5.2,6.1,6.6,30337,124,400,10,2.5,0.78,240|241|399|951|8875|9437|81793|115350|117289|653361,ALOX5|ALOX5AP|RHOH|CD37|VNN2|NCR1|TLR10|FCRL1|TAGAP|NCF1,-3.7,0
1,0,-5.2,0,M39127,M10,1,0,Cell Type Signatures,7,AIZARANI LIVER C28 NK NKT CELLS 6,,-5.2,6.9,6.8,30337,99,400,9,2.2,0.74,963|969|3936|5552|5788|6503|7852|9595|64092,CD53|CD69|LCP1|SRGN|PTPRC|SLA|CXCR4|CYTIP|SAMSN1,-3.6,0
1,1,-5.1,-2.2,M40001,M11,2,0,Cell Type Signatures,7,BUSSLINGER ESOPHAGEAL QUIESCENT BASAL CELLS,,-5.1,7.9,7,30337,77,400,8,2,0.7,1308|2353|2354|3861|5270|7850|8140|9021,COL17A1|FOS|FOSB|KRT14|SERPINE2|IL1R2|SLC7A5|SOCS3,-3.6,0
1,0,-5,0,M40231,M10,1,0,Cell Type Signatures,7,DESCARTES FETAL LIVER MEGAKARYOCYTES,,-5,5.2,6.2,30337,159,400,11,2.8,0.82,2316|5341|5473|10335|23569|57091|64407|80739|83706|146225|101929559,FLNA|PLEK|PPBP|IRAG1|PADI4|CASS4|RGS18|MPIG6B|FERMT3|CMTM2|PIRAT1,-3.5,0
1,1,-5,-3.5,M39204,M11,2,0,Cell Type Signatures,7,HAY BONE MARROW NK CELLS,,-5,3.5,5.6,30337,370,400,17,4.2,1,101|963|3579|3689|4542|5880|8277|8477|8530|8807|9437|10581|11314|27036|54331|64333|170954,ADAM8|CD53|CXCR2|ITGB2|MYO1F|RAC2|TKTL1|GPR65|CST7|IL18RAP|NCR1|IFITM2|CD300A|SIGLEC7|GNG2|ARHGAP9|PPP1R18,-3.5,0
1,0,-5,0,M41714,M10,1,0,Cell Type Signatures,7,FAN OVARY CL12 T LYMPHOCYTE NK CELL 2,,-5,5.2,6.1,30337,161,400,11,2.8,0.82,241|963|969|2124|4050|5552|5788|7852|8530|9595|64092,ALOX5AP|CD53|CD69|EVI2B|LTB|SRGN|PTPRC|CXCR4|CST7|CYTIP|SAMSN1,-3.5,0
1,0,-4.9,0,M39162,M10,1,0,Cell Type Signatures,7,GAO LARGE INTESTINE ADULT CE OLFM4HIGH STEM CELL,,-4.9,3.4,5.5,30337,374,400,17,4.2,1,728|2180|2357|2867|3656|4001|4050|5341|6374|7940|57580|80852|84649|123041|200315|342510|100509894,C5AR1|ACSL1|FPR1|FFAR2|IRAK2|LMNB1|LTB|PLEK|CXCL5|LST1|PREX1|GRIP2|DGAT2|SLC24A4|APOBEC3A|CD300E|CPB2-AS1,-3.4,0
1,0,-4.9,0,M40154,M10,1,0,Cell Type Signatures,7,DESCARTES FETAL ADRENAL LYMPHOID CELLS,,-4.9,5.1,6.1,30337,163,400,11,2.8,0.82,101|399|4050|6402|8530|8807|9437|9595|27284|115350|222487,ADAM8|RHOH|LTB|SELL|CST7|IL18RAP|NCR1|CYTIP|SULT1B1|FCRL1|ADGRG3,-3.4,0
1,1,-2.4,-4.8,M39018,M11,2,0,Cell Type Signatures,7,FAN EMBRYONIC CTX BIG GROUPS BRAIN ENDOTHELIAL,,-4.8,3.9,5.6,30337,365,296,14,4.7,1.2,2022|2034|3983|5998|7078|7171|8140|8519|8553|10044|51477|56937|79652|219699,ENG|EPAS1|ABLIM1|RGS3|TIMP3|TPM4|SLC7A5|IFITM1|BHLHE40|SH2D3C|ISYNA1|PMEPA1|TMEM204|UNC5B,-3.3,0
1,1,-3,-4.7,M39321,M11,2,0,Cell Type Signatures,7,CUI DEVELOPING HEART VASCULAR ENDOTHELIAL CELL,,-4.7,5.3,6,30337,193,296,10,3.4,1.1,1953|2621|4053|4784|8553|9902|79661|113146|119587|284207,MEGF6|GAS6|LTBP2|NFIX|BHLHE40|MRC2|NEIL1|AHNAK2|CPXM2|METRNL,-3.2,0
0,1,0,-4.6,M39236,M01,1,0,Cell Type Signatures,7,LAKE ADULT KIDNEY C17 COLLECTING SYSTEM PCS STRESSED DISSOC SUBSET,,-4.6,4.7,5.7,30337,240,296,11,3.7,1.1,1999|3983|5209|5578|5581|7078|7171|23327|51422|79026|114781,ELF3|ABLIM1|PFKFB3|PRKCA|PRKCE|TIMP3|TPM4|NEDD4L|PRKAG2|AHNAK|BTBD9,-3.1,0
1,0,-4.5,0,M39279,M10,1,0,Cell Type Signatures,7,DURANTE ADULT OLFACTORY NEUROEPITHELIUM VASCULAR SMOOTH MUSCLE CELLS,,-4.5,6.5,6.2,30337,93,400,8,2,0.7,2316|2353|2687|6347|7538|9021|9510|10335,FLNA|FOS|GGT5|CCL2|ZFP36|SOCS3|ADAMTS1|IRAG1,-3,0
0,1,0,-4.4,M40220,M01,1,0,Cell Type Signatures,7,DESCARTES FETAL KIDNEY URETERIC BUD CELLS,,-4.4,4.1,5.4,30337,300,296,12,4.1,1.1,1999|5493|5753|7022|11187|63976|84069|119587|406984|440556|647024|100130449,ELF3|PPL|PTK6|TFAP2C|PKP3|PRDM16|PLEKHN1|CPXM2|MIR200B|PRDM16-DT|C6orf132|GPC1-AS1,-2.9,0
1,0,-4.4,0,M39213,M10,1,0,Cell Type Signatures,7,ZHENG CORD BLOOD C4 PUTATIVE EARLY ERYTHROID COMMITMENT,,-4.4,6.3,6,30337,97,400,8,2,0.7,399|969|2069|4354|6503|9173|9839|55843,RHOH|CD69|EREG|MPP1|SLA|IL1RL1|ZEB2|ARHGAP15,-2.9,0
1,0,-4.4,0,M41675,M10,1,0,Cell Type Signatures,7,TRAVAGLINI LUNG ADVENTITIAL FIBROBLAST CELL,,-4.4,3.6,5.2,30337,296,400,14,3.5,0.92,133|2012|2353|2354|3036|4046|5328|5329|5806|6347|7538|9021|26353|64651,ADM|EMP1|FOS|FOSB|HAS1|LSP1|PLAU|PLAUR|PTX3|CCL2|ZFP36|SOCS3|HSPB8|CSRNP1,-2.9,0
0,1,0,-4.3,M39040,M01,1,0,Cell Type Signatures,7,FAN EMBRYONIC CTX BRAIN ENDOTHELIAL 2,,-4.3,4.1,5.3,30337,303,296,12,4.1,1.1,2034|7078|7171|8519|9828|10044|10160|22905|23180|51477|79652|219699,EPAS1|TIMP3|TPM4|IFITM1|ARHGEF17|SH2D3C|FARP1|EPN2|RFTN1|ISYNA1|TMEM204|UNC5B,-2.9,0
0,1,0,-4.3,M40010,M01,1,0,Cell Type Signatures,7,BUSSLINGER GASTRIC ISTHMUS CELLS,,-4.3,3.4,5,30337,458,296,15,5.1,1.3,218|832|1999|3955|3983|4782|5595|5725|7171|8553|11187|51090|57153|57648|79026,ALDH3A1|CAPZB|ELF3|LFNG|ABLIM1|NFIC|MAPK3|PTBP1|TPM4|BHLHE40|PKP3|PLLP|SLC44A2|NHSL3|AHNAK,-2.9,0
0,1,0,-4.2,M39037,M01,1,0,Cell Type Signatures,7,FAN EMBRYONIC CTX OLIG,,-4.2,2.7,4.7,30337,754,296,20,6.8,1.5,2621|3632|4155|5998|6196|7799|9612|9715|9745|9825|11033|22821|23136|23187|51090|53637|55182|58504|219699|389337,GAS6|INPP5A|MBP|RGS3|RPS6KA2|PRDM2|NCOR2|FAM131B|ZNF536|SPATA2|ADAP1|RASA3|EPB41L3|PHLDB1|PLLP|S1PR5|RNF220|ARHGAP22|UNC5B|ARHGEF37,-2.8,0
0,1,0,-4,M39053,M01,1,0,Cell Type Signatures,7,MANNO MIDBRAIN NEUROTYPES HRGL2C,,-4,3.8,5,30337,326,296,12,4.1,1.1,3955|4035|4773|4774|4784|5578|9469|9516|9902|22997|51090|89796,LFNG|LRP1|NFATC2|NFIA|NFIX|PRKCA|CHST3|LITAF|MRC2|IGSF9B|PLLP|NAV1,-2.6,0
1,1,-2.6,-4,M39055,M11,2,0,Cell Type Signatures,7,MANNO MIDBRAIN NEUROTYPES HRGL2A,,-4,2.9,4.7,30337,600,296,17,5.7,1.4,1312|1572|2817|3955|4035|4774|4784|5578|7078|9469|9516|9620|9902|26960|79026|119587|147179,COMT|CYP2F1|GPC1|LFNG|LRP1|NFIA|NFIX|PRKCA|TIMP3|CHST3|LITAF|CELSR1|MRC2|NBEA|AHNAK|CPXM2|WIPF2,-2.6,0
1,1,-4,-3.2,M40175,M11,2,0,Cell Type Signatures,7,DESCARTES FETAL EYE CORNEAL AND CONJUNCTIVAL EPITHELIAL CELLS,,-4,3.7,5,30337,243,400,12,3,0.85,3557|3576|3860|5265|6279|6280|6699|6707|8796|8870|27076|200315,IL1RN|CXCL8|KRT13|SERPINA1|S100A8|S100A9|SPRR1B|SPRR3|SCEL|IER3|LYPD3|APOBEC3A,-2.6,0
1,0,-4,0,M40226,M10,1,0,Cell Type Signatures,7,DESCARTES FETAL KIDNEY LYMPHOID CELLS,,-4,4,5.1,30337,207,400,11,2.8,0.82,399|969|4050|7852|8277|8530|8698|8740|9437|79931|115350,RHOH|CD69|LTB|CXCR4|TKTL1|CST7|S1PR4|TNFSF14|NCR1|TNIP3|FCRL1,-2.6,0
1,0,-4,0,M40306,M10,1,0,Cell Type Signatures,7,DESCARTES FETAL STOMACH LYMPHOID CELLS,,-4,6.5,5.7,30337,82,400,7,1.8,0.66,969|3385|4050|5880|6402|8698|10235,CD69|ICAM3|LTB|RAC2|SELL|S1PR4|RASGRP2,-2.6,0
1,0,-3.8,0,M40281,M10,1,0,Cell Type Signatures,7,DESCARTES FETAL PLACENTA IGFBP1 DKK1 POSITIVE CELLS,,-3.8,5.2,5.3,30337,116,400,8,2,0.7,943|1268|2687|3290|3552|5997|9173|100507127,TNFRSF8|CNR1|GGT5|HSD11B1|IL1A|RGS2|IL1RL1|LINC00707,-2.5,0
1,1,-2.9,-3.6,M39131,M11,2,0,Cell Type Signatures,7,AIZARANI LIVER C32 MVECS 3,,-3.6,5.7,5.3,30337,125,296,7,2.4,0.88,2022|2034|4774|6886|7078|8519|8553,ENG|EPAS1|NFIA|TAL1|TIMP3|IFITM1|BHLHE40,-2.3,0
0,1,0,-3.6,M39132,M01,1,0,Cell Type Signatures,7,AIZARANI LIVER C33 STELLATE CELLS 2,,-3.6,5.7,5.2,30337,126,296,7,2.4,0.88,2034|4774|6649|7078|7171|9828|51477,EPAS1|NFIA|SOD3|TIMP3|TPM4|ARHGEF17|ISYNA1,-2.3,0
0,1,0,-3.5,M41672,M01,1,0,Cell Type Signatures,7,TRAVAGLINI LUNG VASCULAR SMOOTH MUSCLE CELL,,-3.5,8.4,5.7,30337,61,296,5,1.7,0.75,2034|5154|6649|7171|51477,EPAS1|PDGFA|SOD3|TPM4|ISYNA1,-2.2,0
0,1,0,-3.4,M40013,M01,1,0,Cell Type Signatures,7,BUSSLINGER GASTRIC MATURE PIT CELLS,,-3.4,4.1,4.6,30337,224,296,9,3,1,218|1999|3983|5595|7171|23654|57153|79026|219699,ALDH3A1|ELF3|ABLIM1|MAPK3|TPM4|PLXNB2|SLC44A2|AHNAK|UNC5B,-2.1,0
0,1,0,-3.4,M39054,M01,1,0,Cell Type Signatures,7,MANNO MIDBRAIN NEUROTYPES HRGL2B,,-3.4,3,4.3,30337,440,296,13,4.4,1.2,2817|3955|4035|4773|4774|4784|7078|9469|9516|9902|22997|55684|79026,GPC1|LFNG|LRP1|NFATC2|NFIA|NFIX|TIMP3|CHST3|LITAF|MRC2|IGSF9B|RABL6|AHNAK,-2.1,0
1,0,-3.3,0,M41670,M10,1,0,Cell Type Signatures,7,TRAVAGLINI LUNG LYMPHATIC CELL,,-3.3,3.6,4.4,30337,209,400,10,2.5,0.78,2687|4046|5138|5791|5806|5866|9586|10894|140885|222487,GGT5|LSP1|PDE2A|PTPRE|PTX3|RAB3IL1|CREB5|LYVE1|SIRPA|ADGRG3,-2,0
0,1,0,-3.3,M41682,M01,1,0,Cell Type Signatures,7,TRAVAGLINI LUNG CD8 NAIVE T CELL,,-3.3,5,4.8,30337,144,296,7,2.4,0.88,639|864|2672|4155|8519|53637|81873,PRDM1|RUNX3|GFI1|MBP|IFITM1|S1PR5|ARPC5L,-2,0
0,1,0,-3.2,M39108,M01,1,0,Cell Type Signatures,7,AIZARANI LIVER C4 EPCAM POS BILE DUCT CELLS 1,,-3.2,4.3,4.5,30337,191,296,8,2.7,0.94,1999|4782|5909|6649|7465|23327|56937|57648,ELF3|NFIC|RAP1GAP|SOD3|WEE1|NEDD4L|PMEPA1|NHSL3,-2,0
0,1,0,-3.2,M39271,M01,1,0,Cell Type Signatures,7,HU FETAL RETINA RPE,,-3.2,3.5,4.3,30337,292,296,10,3.4,1.1,1298|7078|8140|8553|9516|9612|23654|63976|119587|440556,COL9A2|TIMP3|SLC7A5|BHLHE40|LITAF|NCOR2|PLXNB2|PRDM16|CPXM2|PRDM16-DT,-1.9,0
1,0,-3.2,0,M40278,M10,1,0,Cell Type Signatures,7,DESCARTES FETAL PLACENTA LYMPHOID CELLS,,-3.2,4.2,4.4,30337,145,400,8,2,0.7,241|399|969|4050|8530|9051|9437|222487,ALOX5AP|RHOH|CD69|LTB|CST7|PSTPIP1|NCR1|ADGRG3,-1.9,0
1,0,-3.1,0,M39312,M10,1,0,Cell Type Signatures,7,CUI DEVELOPING HEART 5TH WEEK VENTRICULAR CARDIOMYOCYTE,,-3.1,5.6,4.8,30337,81,400,6,1.5,0.61,133|1959|2353|5653|7538|199675,ADM|EGR2|FOS|KLK6|ZFP36|MCEMP1,-1.9,0
1,0,-3.1,0,M40033,M10,1,0,Cell Type Signatures,7,BUSSLINGER DUODENAL TUFT CELLS,,-3.1,5.6,4.8,30337,81,400,6,1.5,0.61,240|241|3055|5265|23533|26085,ALOX5|ALOX5AP|HCK|SERPINA1|PIK3R5|KLK13,-1.9,0
1,1,-2.3,-3.1,M39194,M11,2,0,Cell Type Signatures,7,HAY BONE MARROW DENDRITIC CELL,,-3.1,4.2,4.4,30337,196,296,8,2.7,0.94,1312|1969|3665|5802|8140|79805|148641|201305,COMT|EPHA2|IRF7|PTPRS|SLC7A5|VASH2|SLC35F3|SPNS3,-1.9,0
1,0,-3.1,0,M41677,M10,1,0,Cell Type Signatures,7,TRAVAGLINI LUNG LIPOFIBROBLAST CELL,,-3.1,4.2,4.4,30337,146,400,8,2,0.7,3036|4327|5270|5329|5997|9021|10135|23135,HAS1|MMP19|SERPINE2|PLAUR|RGS2|SOCS3|NAMPT|KDM6B,-1.9,0
1,0,-3.1,0,M40293,M10,1,0,Cell Type Signatures,7,DESCARTES FETAL SPLEEN MEGAKARYOCYTES,,-3.1,4.7,4.6,30337,113,400,7,1.8,0.66,1960|5341|5473|6515|10335|64407|80739,EGR3|PLEK|PPBP|SLC2A3|IRAG1|RGS18|MPIG6B,-1.9,0
1,1,-3.1,-2.6,M39135,M11,2,0,Cell Type Signatures,7,AIZARANI LIVER C39 EPCAM POS BILE DUCT CELLS 4,,-3.1,3.7,4.3,30337,184,400,9,2.2,0.74,1839|2316|3576|3624|6347|6364|9586|23135|652995,HBEGF|FLNA|CXCL8|INHBA|CCL2|CCL20|CREB5|KDM6B|UCA1,-1.9,0
1,0,-3.1,0,M39260,M10,1,0,Cell Type Signatures,7,MENON FETAL KIDNEY 10 IMMUNE CELLS,,-3.1,5.5,4.7,30337,83,400,6,1.5,0.61,2353|3936|4332|5552|5788|7940,FOS|LCP1|MNDA|SRGN|PTPRC|LST1,-1.9,0
0,1,0,-3,M41678,M01,1,0,Cell Type Signatures,7,TRAVAGLINI LUNG PERICYTE CELL,,-3,5.4,4.7,30337,114,296,6,2,0.82,639|6196|9828|10160|23180|79652,PRDM1|RPS6KA2|ARHGEF17|FARP1|RFTN1|TMEM204,-1.8,0
1,0,-3,0,M39243,M10,1,0,Cell Type Signatures,7,LAKE ADULT KIDNEY C24 ENDOTHELIAL CELLS AEA AND DVR,,-3,4,4.3,30337,152,400,8,2,0.7,2012|2321|2353|5552|9510|10135|10581|22918,EMP1|FLT1|FOS|SRGN|ADAMTS1|NAMPT|IFITM2|CD93,-1.8,0
1,0,-3,0,M40260,M10,1,0,Cell Type Signatures,7,DESCARTES FETAL MUSCLE LYMPHOID CELLS,,-3,4.4,4.3,30337,120,400,7,1.8,0.66,399|969|2268|3385|4050|8809|9437,RHOH|CD69|FGR|ICAM3|LTB|IL18R1|NCR1,-1.8,0
0,1,0,-2.9,M40012,M01,1,0,Cell Type Signatures,7,BUSSLINGER GASTRIC IMMATURE PIT CELLS,,-2.9,4.3,4.3,30337,165,296,7,2.4,0.88,218|3983|5595|7171|23654|57153|79026,ALDH3A1|ABLIM1|MAPK3|TPM4|PLXNB2|SLC44A2|AHNAK,-1.7,0
1,0,-2.9,0,M40189,M10,1,0,Cell Type Signatures,7,DESCARTES FETAL EYE VASCULAR ENDOTHELIAL CELLS,,-2.9,5.1,4.5,30337,90,400,6,1.5,0.61,1901|2321|2687|5138|9754|140706,S1PR1|FLT1|GGT5|PDE2A|STARD8|CCM2L,-1.7,0
0,1,0,-2.9,M39017,M01,1,0,Cell Type Signatures,7,FAN EMBRYONIC CTX BIG GROUPS CAJAL RETZIUS,,-2.9,2.7,3.7,30337,499,296,13,4.4,1.2,2621|3983|5493|5799|7161|10458|11332|51422|54897|58504|64506|79026|83648,GAS6|ABLIM1|PPL|PTPRN2|TP73|BAIAP2|ACOT7|PRKAG2|CASZ1|ARHGAP22|CPEB1|AHNAK|FAM167A,-1.7,0
1,1,-2.8,-2.2,M39117,M11,2,0,Cell Type Signatures,7,AIZARANI LIVER C13 LSECS 2,,-2.8,2.9,3.8,30337,283,400,11,2.8,0.82,133|929|2321|5138|7099|10894|22918|28231|57458|64651|85450,ADM|CD14|FLT1|PDE2A|TLR4|LYVE1|CD93|SLCO4A1|TMCC3|CSRNP1|ITPRIP,-1.7,0
0,1,0,-2.8,M39209,M01,1,0,Cell Type Signatures,7,HAY BONE MARROW STROMAL,,-2.8,2.3,3.6,30337,765,296,17,5.7,1.4,2034|2052|2621|3339|4053|5998|6586|6649|7078|9469|9828|9902|10160|56937|119587|219699|100874185,EPAS1|EPHX1|GAS6|HSPG2|LTBP2|RGS3|SLIT3|SOD3|TIMP3|CHST3|ARHGEF17|MRC2|FARP1|PMEPA1|CPXM2|UNC5B|FRMD6-AS2,-1.6,0
0,1,0,-2.8,M39222,M01,1,0,Cell Type Signatures,7,LAKE ADULT KIDNEY C3 PROXIMAL TUBULE EPITHELIAL CELLS S1 S2,,-2.8,3.7,4,30337,221,296,8,2.7,0.94,1523|3983|4774|10160|23051|23136|23327|51084,CUX1|ABLIM1|NFIA|FARP1|ZHX3|EPB41L3|NEDD4L|CRYL1,-1.6,0
1,0,-2.8,0,M40211,M10,1,0,Cell Type Signatures,7,DESCARTES FETAL INTESTINE LYMPHOID CELLS,,-2.8,3.7,4,30337,164,400,8,2,0.7,969|4050|8530|8698|8807|9173|9437|266747,CD69|LTB|CST7|S1PR4|IL18RAP|IL1RL1|NCR1|RGL4,-1.6,0
0,1,0,-2.8,M39247,M01,1,0,Cell Type Signatures,7,LAKE ADULT KIDNEY C28 INTERSTITIUM,,-2.8,6,4.6,30337,86,296,5,1.7,0.75,4774|5578|6586|7078|26053,NFIA|PRKCA|SLIT3|TIMP3|AUTS2,-1.6,0
0,1,0,-2.8,M39073,M01,1,0,Cell Type Signatures,7,MANNO MIDBRAIN NEUROTYPES HOMTN,,-2.8,2.9,3.7,30337,389,296,11,3.7,1.1,1759|3983|6586|8224|9715|11332|26153|54897|79661|113146|494470,DNM1|ABLIM1|SLIT3|SYN3|FAM131B|ACOT7|KIF26A|CASZ1|NEIL1|AHNAK2|ARK2C,-1.6,0
1,0,-2.8,0,M39211,M10,1,0,Cell Type Signatures,7,ZHENG CORD BLOOD C2 PUTATIVE BASOPHIL EOSINOPHIL MAST CELL PROGENITOR,,-2.8,4.7,4.2,30337,96,400,6,1.5,0.61,241|1439|2316|2354|5341|10581,ALOX5AP|CSF2RB|FLNA|FOSB|PLEK|IFITM2,-1.6,0
1,0,-2.7,0,M39219,M10,1,0,Cell Type Signatures,7,ZHENG CORD BLOOD C10 MULTILYMPHOID PROGENITOR,,-2.7,4.7,4.2,30337,97,400,6,1.5,0.61,4050|4311|7940|27128|55824|57580,LTB|MME|LST1|CYTH4|PAG1|PREX1,-1.6,0
1,0,-2.7,0,M41663,M10,1,0,Cell Type Signatures,7,TRAVAGLINI LUNG VEIN CELL,,-2.7,7.6,4.8,30337,40,400,4,1,0.5,3383|7378|10135|10894,ICAM1|UPP1|NAMPT|LYVE1,-1.6,0
1,1,-2.7,-2.7,M41686,M11,2,0,Cell Type Signatures,7,TRAVAGLINI LUNG NATURAL KILLER CELL,,-2.7,4,4,30337,132,400,7,1.8,0.66,3689|5880|8477|8530|11314|27036|54331,ITGB2|RAC2|GPR65|CST7|CD300A|SIGLEC7|GNG2,-1.6,0
1,0,-2.6,0,M41660,M10,1,0,Cell Type Signatures,7,TRAVAGLINI LUNG ALVEOLAR EPITHELIAL TYPE 2 CELL,,-2.6,3.9,3.9,30337,136,400,7,1.8,0.66,722|1441|3162|3240|5265|6781|9308,C4BPA|CSF3R|HMOX1|HP|SERPINA1|STC1|CD83,-1.5,0
1,1,-2.6,-2.4,M40029,M11,2,0,Cell Type Signatures,7,BUSSLINGER DUODENAL MATURE ENTEROCYTES,,-2.6,2.9,3.6,30337,259,400,10,2.5,0.78,1308|4084|4311|4354|4648|5265|6573|6926|8972|84649,COL17A1|MXD1|MME|MPP1|MYO7B|SERPINA1|SLC19A1|TBX3|MGAM|DGAT2,-1.5,0
0,1,0,-2.6,M39284,M01,1,0,Cell Type Signatures,7,DURANTE ADULT OLFACTORY NEUROEPITHELIUM RESPIRATORY COLUMNAR CELLS,,-2.6,11,5.2,30337,28,296,3,1,0.58,218|1999|2034,ALDH3A1|ELF3|EPAS1,-1.5,0
1,0,-2.6,0,M40152,M10,1,0,Cell Type Signatures,7,DESCARTES FETAL ADRENAL VASCULAR ENDOTHELIAL CELLS,,-2.6,3.8,3.9,30337,139,400,7,1.8,0.66,762|978|2828|2867|3142|5138|10501,CA4|CDA|GPR4|FFAR2|HLX|PDE2A|SEMA6B,-1.5,0
0,1,0,-2.5,M40011,M01,1,0,Cell Type Signatures,7,BUSSLINGER GASTRIC METALLOTHIONEIN CELLS,,-2.5,5.1,4.1,30337,100,296,5,1.7,0.75,218|23654|51090|57153|284422,ALDH3A1|PLXNB2|PLLP|SLC44A2|SMIM24,-1.4,0
1,0,-2.5,0,M41668,M10,1,0,Cell Type Signatures,7,TRAVAGLINI LUNG BRONCHIAL VESSEL 1 CELL,,-2.5,3,3.6,30337,224,400,9,2.2,0.74,978|1839|1959|1960|6696|7378|9021|9510|10501,CDA|HBEGF|EGR2|EGR3|SPP1|UPP1|SOCS3|ADAMTS1|SEMA6B,-1.4,0
0,1,0,-2.5,M39052,M01,1,0,Cell Type Signatures,7,MANNO MIDBRAIN NEUROTYPES HOPC,,-2.5,2.8,3.4,30337,366,296,10,3.4,1.1,4035|4784|5578|22905|22997|51084|51090|64506|79661|202333,LRP1|NFIX|PRKCA|EPN2|IGSF9B|CRYL1|PLLP|CPEB1|NEIL1|CMYA5,-1.3,0
1,0,-2.5,0,M40195,M10,1,0,Cell Type Signatures,7,DESCARTES FETAL HEART LYMPHOID CELLS,,-2.5,4.1,3.8,30337,110,400,6,1.5,0.61,6402|8530|8807|9437|79931|115350,SELL|CST7|IL18RAP|NCR1|TNIP3|FCRL1,-1.3,0
1,0,-2.5,0,M39137,M10,1,0,Cell Type Signatures,7,GAO ESOPHAGUS 25W C2 KRT6BPOS SECRETORY PROGENITOR CELLS,,-2.5,4.9,4,30337,77,400,5,1.2,0.56,133|6279|6700|200315|342897,ADM|S100A8|SPRR2A|APOBEC3A|NCCRP1,-1.3,0
0,1,0,-2.4,M41652,M01,1,0,Cell Type Signatures,7,TRAVAGLINI LUNG PROXIMAL BASAL CELL,,-2.4,2.3,3.2,30337,629,296,14,4.7,1.2,218|379|2034|2052|4774|4782|5802|8553|11187|51477|79026|79778|80305|254295,ALDH3A1|ARL4D|EPAS1|EPHX1|NFIA|NFIC|PTPRS|BHLHE40|PKP3|ISYNA1|AHNAK|MICALL2|TRABD|PHYHD1,-1.3,0
1,0,-2.4,0,M39277,M10,1,0,Cell Type Signatures,7,DURANTE ADULT OLFACTORY NEUROEPITHELIUM PERICYTES,,-2.4,4.8,3.9,30337,79,400,5,1.2,0.56,2012|2321|7056|9021|22918,EMP1|FLT1|THBD|SOCS3|CD93,-1.3,0
0,1,0,-2.4,M40236,M01,1,0,Cell Type Signatures,7,DESCARTES FETAL LIVER HEMATOPOIETIC STEM CELLS,,-2.4,9.3,4.7,30337,33,296,3,1,0.58,55182|57501|63976,RNF220|CFAP92|PRDM16,-1.3,0
0,1,0,-2.4,M39070,M01,1,0,Cell Type Signatures,7,MANNO MIDBRAIN NEUROTYPES HNBGABA,,-2.4,2.2,3.2,30337,703,296,15,5.1,1.3,864|1953|4773|5293|6886|8224|9715|26960|54897|54965|64375|79661|79805|80790|494470,RUNX3|MEGF6|NFATC2|PIK3CD|TAL1|SYN3|FAM131B|NBEA|CASZ1|PIGX|IKZF4|NEIL1|VASH2|CMIP|ARK2C,-1.3,0
1,0,-2.4,0,M40104,M10,1,0,Cell Type Signatures,7,DESCARTES MAIN FETAL EPICARDIAL FAT CELLS,,-2.4,6.1,4.1,30337,50,400,4,1,0.5,366|943|5650|25818,AQP9|TNFRSF8|KLK7|KLK5,-1.3,0
1,0,-2.3,0,M40292,M10,1,0,Cell Type Signatures,7,DESCARTES FETAL SPLEEN MESOTHELIAL CELLS,,-2.3,3.1,3.4,30337,195,400,8,2,0.7,2353|3036|4973|7538|8870|9021|54507|64651,FOS|HAS1|OLR1|ZFP36|IER3|SOCS3|ADAMTSL4|CSRNP1,-1.2,0
1,0,-2.3,0,M41680,M10,1,0,Cell Type Signatures,7,TRAVAGLINI LUNG B CELL,,-2.3,3.4,3.5,30337,155,400,7,1.8,0.66,951|6402|7852|10235|81793|115350|653361,CD37|SELL|CXCR4|RASGRP2|TLR10|FCRL1|NCF1,-1.2,0
1,0,-2.3,0,M40243,M10,1,0,Cell Type Signatures,7,DESCARTES FETAL LUNG LYMPHOID CELLS,,-2.3,3.4,3.5,30337,157,400,7,1.8,0.66,399|4050|8530|8698|8807|9437|115350,RHOH|LTB|CST7|S1PR4|IL18RAP|NCR1|FCRL1,-1.2,0
1,0,-2.3,0,M39264,M10,1,0,Cell Type Signatures,7,HU FETAL RETINA FIBROBLAST,,-2.3,2.4,3.1,30337,385,400,12,3,0.85,1903|2316|2353|2354|3678|5997|6515|6615|7538|9021|9586|10581,S1PR3|FLNA|FOS|FOSB|ITGA5|RGS2|SLC2A3|SNAI1|ZFP36|SOCS3|CREB5|IFITM2,-1.2,0
1,0,-2.2,0,M40105,M10,1,0,Cell Type Signatures,7,DESCARTES MAIN FETAL LYMPHATIC ENDOTHELIAL CELLS,,-2.2,4.4,3.7,30337,86,400,5,1.2,0.56,5138|5806|5866|10894|222487,PDE2A|PTX3|RAB3IL1|LYVE1|ADGRG3,-1.2,0
1,0,-2.2,0,M39170,M10,1,0,Cell Type Signatures,7,MURARO PANCREAS DELTA CELL,,-2.2,2.7,3.2,30337,250,400,9,2.2,0.74,793|2180|2353|3162|3249|3310|5138|5997|8140,CALB1|ACSL1|FOS|HMOX1|HPN|HSPA6|PDE2A|RGS2|SLC7A5,-1.1,0
1,0,-2.2,0,M41676,M10,1,0,Cell Type Signatures,7,TRAVAGLINI LUNG ALVEOLAR FIBROBLAST CELL,,-2.2,3.2,3.3,30337,164,400,7,1.8,0.66,929|3290|3383|4311|4327|5552|50486,CD14|HSD11B1|ICAM1|MME|MMP19|SRGN|G0S2,-1.1,0
0,1,0,-2.2,M39066,M01,1,0,Cell Type Signatures,7,MANNO MIDBRAIN NEUROTYPES HNBML5,,-2.2,2.4,3.1,30337,465,296,11,3.7,1.1,105|5799|6886|23327|25862|26053|26960|54897|79805|80790|89796,ADARB2|PTPRN2|TAL1|NEDD4L|USP49|AUTS2|NBEA|CASZ1|VASH2|CMIP|NAV1,-1.1,0
1,0,-2.2,0,M40232,M10,1,0,Cell Type Signatures,7,DESCARTES FETAL LIVER LYMPHOID CELLS,,-2.2,3.6,3.4,30337,125,400,6,1.5,0.61,241|4050|4311|8807|9437|115350,ALOX5AP|LTB|MME|IL18RAP|NCR1|FCRL1,-1.1,0
1,0,-2.2,0,M41656,M10,1,0,Cell Type Signatures,7,TRAVAGLINI LUNG MUCOUS CELL,,-2.2,3.6,3.4,30337,125,400,6,1.5,0.61,133|3576|6280|6347|6364|79931,ADM|CXCL8|S100A9|CCL2|CCL20|TNIP3,-1.1,0
1,0,-2.1,0,M39079,M10,1,0,Cell Type Signatures,7,ZHONG PFC MAJOR TYPES OPC,,-2.1,4.2,3.5,30337,91,400,5,1.2,0.56,5142|5270|10215|23237|116448,PDE4B|SERPINE2|OLIG2|ARC|OLIG1,-1.1,0
1,0,-2.1,0,M40134,M10,1,0,Cell Type Signatures,7,DESCARTES MAIN FETAL TROPHOBLAST GIANT CELLS,,-2.1,3.1,3.2,30337,169,400,7,1.8,0.66,133|8291|26353|54507|55301|79865|80740,ADM|DYSF|HSPB8|ADAMTSL4|OLAH|TREML2|LY6G6C,-1.1,0
1,0,-2.1,0,M40279,M10,1,0,Cell Type Signatures,7,DESCARTES FETAL PLACENTA TROPHOBLAST GIANT CELLS,,-2.1,4.1,3.5,30337,92,400,5,1.2,0.56,3624|26353|55301|79865|80740,INHBA|HSPB8|OLAH|TREML2|LY6G6C,-1.1,0
0,1,0,-2.1,M39245,M01,1,0,Cell Type Signatures,7,LAKE ADULT KIDNEY C26 MESANGIAL CELLS,,-2.1,3.5,3.3,30337,177,296,6,2,0.82,2022|2034|5578|7078|26960|79026,ENG|EPAS1|PRKCA|TIMP3|NBEA|AHNAK,-1,0
1,0,-2.1,0,M39216,M10,1,0,Cell Type Signatures,7,ZHENG CORD BLOOD C7 PUTATIVE LYMPHOID PRIMED MULTIPOTENT PROGENITOR 1,,-2.1,4,3.4,30337,95,400,5,1.2,0.56,1441|5791|6402|7439|9595,CSF3R|PTPRE|SELL|BEST1|CYTIP,-1,0
1,0,-2,0,M39148,M10,1,0,Cell Type Signatures,7,GAO SMALL INTESTINE 24W C4 ENTEROCYTE PROGENITOR SUBTYPE 2,,-2,3.9,3.3,30337,97,400,5,1.2,0.56,6280|10437|27284|50486|196410,S100A9|IFI30|SULT1B1|G0S2|TMT1B,-0.98,0
1,0,-2,0,M39210,M10,1,0,Cell Type Signatures,7,ZHENG CORD BLOOD C1 PUTATIVE MEGAKARYOCYTE PROGENITOR,,-2,3.9,3.3,30337,98,400,5,1.2,0.56,2212|5341|5473|64407|83706,FCGR2A|PLEK|PPBP|RGS18|FERMT3,-0.97,0
0,1,0,-2,M39125,M01,1,0,Cell Type Signatures,7,AIZARANI LIVER C24 EPCAM POS BILE DUCT CELLS 3,,-2,3.3,3.1,30337,185,296,6,2,0.82,1999|3983|7171|7465|56937|57648,ELF3|ABLIM1|TPM4|WEE1|PMEPA1|NHSL3,-0.96,0
