_MEMBER_MyList,_LogP_MyList,GO,_PATTERN_,_RANK_,GiniIndex,Category,CategoryID,Description,PARENT_GO,LogP,Enrichment,Z-score,#TotalGeneInLibrary,#GeneInGO,#GeneInHitList,#GeneInGOAndHitList,%InGO,STDV %InGO,GeneID,Hits,Log(q-value),EvidenceCutoff
1,-9.1,C0278876,M1,1,0,DisGeNET,35,Adult Medulloblastoma,,-9.1,3.5,7.7,30337,762,380,33,8.7,1.4,240|575|1003|1298|1523|1788|2034|2052|2672|2956|3090|3202|5048|5293|5395|5595|5605|6382|7078|7161|7465|7799|8019|8140|9314|23030|51343|55388|57007|83879|153090|219699|374569,ALOX5|ADGRB1|CDH5|COL9A2|CUX1|DNMT3A|EPAS1|EPHX1|GFI1|MSH6|HIC1|HOXA5|PAFAH1B1|PIK3CD|PMS2|MAPK3|MAP2K2|SDC1|TIMP3|TP73|WEE1|PRDM2|BRD3|SLC7A5|KLF4|KDM4B|FZR1|MCM10|ACKR3|CDCA7|DAB2IP|UNC5B|ASPG,-4.9,0
1,-9,C0278510,M1,1,0,DisGeNET,35,Childhood Medulloblastoma,,-9,3.4,7.7,30337,771,380,33,8.7,1.4,240|575|1003|1298|1523|1788|2034|2052|2672|2956|3090|3202|5048|5293|5395|5595|5605|6382|7078|7161|7465|7799|8019|8140|9314|23030|51343|55388|57007|83879|153090|219699|374569,ALOX5|ADGRB1|CDH5|COL9A2|CUX1|DNMT3A|EPAS1|EPHX1|GFI1|MSH6|HIC1|HOXA5|PAFAH1B1|PIK3CD|PMS2|MAPK3|MAP2K2|SDC1|TIMP3|TP73|WEE1|PRDM2|BRD3|SLC7A5|KLF4|KDM4B|FZR1|MCM10|ACKR3|CDCA7|DAB2IP|UNC5B|ASPG,-4.9,0
1,-7.4,C0014772,M1,1,0,DisGeNET,35,Red Blood Cell Count measurement,,-7.4,3.2,6.8,30337,717,380,29,7.6,1.4,2034|2107|2621|4773|4774|4784|5581|5725|5771|5998|6886|8019|9922|10815|22904|23254|23499|25862|26053|51422|57597|57666|63976|79058|92922|114818|161882|254102|101928784,EPAS1|ETF1|GAS6|NFATC2|NFIA|NFIX|PRKCE|PTBP1|PTPN2|RGS3|TAL1|BRD3|IQSEC1|CPLX1|SBNO2|KAZN|MACF1|USP49|AUTS2|PRKAG2|BAHCC1|FBRSL1|PRDM16|ASPSCR1|CCDC102A|KLHL29|ZFPM1|EHBP1L1|RORA-AS1,-3.8,0
1,-6.8,C0042834,M1,1,0,DisGeNET,35,Vital capacity,,-6.8,3.9,6.8,30337,430,380,21,5.5,1.2,832|3090|3142|3200|3202|4053|9612|9902|10801|26053|54897|57418|57553|79058|90427|116988|134265|219699|256364|284207|101929378,CAPZB|HIC1|HLX|HOXA3|HOXA5|LTBP2|NCOR2|MRC2|SEPTIN9|AUTS2|CASZ1|WDR18|MICAL3|ASPSCR1|BMF|AGAP3|AFAP1L1|UNC5B|EML3|METRNL|LINC01876,-3.4,0
1,-6.3,C0428883,M1,1,0,DisGeNET,35,Diastolic blood pressure,,-6.3,3.5,6.3,30337,507,380,22,5.8,1.2,1952|3200|4773|5493|5578|5581|5799|9612|9828|9902|23327|26053|26153|51422|54897|57553|63976|64359|80790|89796|254102|445815,CELSR2|HOXA3|NFATC2|PPL|PRKCA|PRKCE|PTPRN2|NCOR2|ARHGEF17|MRC2|NEDD4L|AUTS2|KIF26A|PRKAG2|CASZ1|MICAL3|PRDM16|NXN|CMIP|NAV1|EHBP1L1|PALM2AKAP2,-3,0
1,-5.8,C0678230,M1,1,0,DisGeNET,35,Congenital Epicanthus,,-5.8,3.6,6.1,30337,417,380,19,5,1.1,1312|1487|1855|3090|5048|5605|8642|9319|10801|10815|26053|54345|56262|63976|64359|65250|83879|84627|85358,COMT|CTBP1|DVL1|HIC1|PAFAH1B1|MAP2K2|DCHS1|TRIP13|SEPTIN9|CPLX1|AUTS2|SOX18|LRRC8A|PRDM16|NXN|CPLANE1|CDCA7|ZNF469|SHANK3,-2.7,0
1,-5.3,C0027832,M1,1,0,DisGeNET,35,Neurofibromatosis 2,,-5.3,6.3,6.7,30337,127,380,10,2.6,0.82,1788|2022|3985|4330|5293|5605|7078|23136|51411|85358,DNMT3A|ENG|LIMK2|MN1|PIK3CD|MAP2K2|TIMP3|EPB41L3|BIN2|SHANK3,-2.3,0
1,-5.3,C1302401,M1,1,0,DisGeNET,35,Adenoma of large intestine,,-5.3,3.4,5.7,30337,452,380,19,5,1.1,240|864|1434|2052|2956|3090|4035|5209|6573|6586|8519|9314|9536|9963|10801|64359|116988|143187|100996485,ALOX5|RUNX3|CSE1L|EPHX1|MSH6|HIC1|LRP1|PFKFB3|SLC19A1|SLIT3|IFITM1|KLF4|PTGES|SLC23A1|SEPTIN9|NXN|AGAP3|VTI1A|PITX1-AS1,-2.3,0
1,-5.2,C2973725,M1,1,0,DisGeNET,35,Pulmonary arterial hypertension,,-5.2,3.5,5.7,30337,413,380,18,4.7,1.1,2022|2034|3339|4035|4773|4784|5023|5209|5293|5395|5578|5595|5725|6649|9314|9469|11332|22904,ENG|EPAS1|HSPG2|LRP1|NFATC2|NFIX|P2RX1|PFKFB3|PIK3CD|PMS2|PRKCA|MAPK3|PTBP1|SOD3|KLF4|CHST3|ACOT7|SBNO2,-2.2,0
1,-5.2,C0023508,M1,1,0,DisGeNET,35,White Blood Cell Count procedure,,-5.2,2.8,5.4,30337,681,380,24,6.3,1.2,240|864|1788|3142|3200|3559|4782|5293|5581|5605|6886|22821|22904|23030|26053|50619|54897|57553|57710|58513|80790|161882|201176|445815,ALOX5|RUNX3|DNMT3A|HLX|HOXA3|IL2RA|NFIC|PIK3CD|PRKCE|MAP2K2|TAL1|RASA3|SBNO2|KDM4B|AUTS2|DEF6|CASZ1|MICAL3|KIAA1614|EPS15L1|CMIP|ZFPM1|ARHGAP27|PALM2AKAP2,-2.2,0
1,-5,C4551686,M1,1,0,DisGeNET,35,Malignant neoplasm of soft tissue,,-5,2.7,5.2,30337,699,380,24,6.3,1.2,1298|1523|2034|2314|2621|2956|3090|3315|4772|4773|5133|5154|5293|5395|5595|7171|7465|9314|9825|51477|57007|65998|79058|134265,COL9A2|CUX1|EPAS1|FLII|GAS6|MSH6|HIC1|HSPB1|NFATC1|NFATC2|PDCD1|PDGFA|PIK3CD|PMS2|MAPK3|TPM4|WEE1|KLF4|SPATA2|ISYNA1|ACKR3|ZFTA|ASPSCR1|AFAP1L1,-2.1,0
1,-4.8,C0525045,M1,1,0,DisGeNET,35,Mood Disorders,,-4.8,2.9,5.2,30337,580,380,21,5.5,1.2,115|886|1312|1434|5023|5048|5209|5293|5590|7434|10043|10458|22997|23051|23254|51084|57007|85358|114818|130497|342977,ADCY9|CCKAR|COMT|CSE1L|P2RX1|PAFAH1B1|PFKFB3|PIK3CD|PRKCZ|VIPR2|TOM1|BAIAP2|IGSF9B|ZHX3|KAZN|CRYL1|ACKR3|SHANK3|KLHL29|OSR1|NANOS3,-1.9,0
1,-4.7,C0027708,M1,1,0,DisGeNET,35,Nephroblastoma,,-4.7,2.9,5.1,30337,586,380,21,5.5,1.2,864|1788|1969|2314|2956|4298|5154|5293|5361|5395|5578|5595|6573|6886|7161|7799|9314|9319|11156|80790|130497,RUNX3|DNMT3A|EPHA2|FLII|MSH6|MLLT1|PDGFA|PIK3CD|PLXNA1|PMS2|PRKCA|MAPK3|SLC19A1|TAL1|TP73|PRDM2|KLF4|TRIP13|PTP4A3|CMIP|OSR1,-1.8,0
1,-4.7,C0017185,M1,1,0,DisGeNET,35,Gastrointestinal Neoplasms,,-4.7,4.8,5.8,30337,182,380,11,2.9,0.86,864|2314|2956|3090|5133|5293|5395|7161|9620|9825|11187,RUNX3|FLII|MSH6|HIC1|PDCD1|PIK3CD|PMS2|TP73|CELSR1|SPATA2|PKP3,-1.8,0
1,-4.6,C0042373,M1,1,0,DisGeNET,35,Vascular Diseases,,-4.6,2.7,5,30337,688,380,23,6.1,1.2,115|240|575|1003|1788|1999|2022|2314|3315|3689|5023|5048|5293|5578|6886|7161|9314|10603|51477|54345|57007|153090|406984,ADCY9|ALOX5|ADGRB1|CDH5|DNMT3A|ELF3|ENG|FLII|HSPB1|ITGB2|P2RX1|PAFAH1B1|PIK3CD|PRKCA|TAL1|TP73|KLF4|SH2B2|ISYNA1|SOX18|ACKR3|DAB2IP|MIR200B,-1.8,0
1,-4.6,C0751214,M1,1,0,DisGeNET,35,"Hyperalgesia, Thermal",,-4.6,5.2,5.9,30337,154,380,10,2.6,0.82,240|1269|1312|1788|3689|5023|5581|5590|5595|9536,ALOX5|CNR2|COMT|DNMT3A|ITGB2|P2RX1|PRKCE|PRKCZ|MAPK3|PTGES,-1.8,0
1,-4.5,C0685938,M1,1,0,DisGeNET,35,Malignant neoplasm of gastrointestinal tract,,-4.5,3.2,5.2,30337,423,380,17,4.5,1.1,240|864|1523|1969|2956|3090|3315|5133|5293|5395|5595|5605|6382|9314|11187|54897|153090,ALOX5|RUNX3|CUX1|EPHA2|MSH6|HIC1|HSPB1|PDCD1|PIK3CD|PMS2|MAPK3|MAP2K2|SDC1|KLF4|PKP3|CASZ1|DAB2IP,-1.7,0
1,-4.5,C0280803,M1,1,0,DisGeNET,35,Primary central nervous system lymphoma,,-4.5,5.1,5.8,30337,156,380,10,2.6,0.82,435|639|3689|4155|5133|5293|6196|6573|51477|201191,ASL|PRDM1|ITGB2|MBP|PDCD1|PIK3CD|RPS6KA2|SLC19A1|ISYNA1|SAMD14,-1.7,0
1,-4.4,C1856765,M1,1,0,DisGeNET,35,Irregular dentition,,-4.4,40,11,30337,6,380,3,0.79,0.45,4784|8642|54453,NFIX|DCHS1|RIN2,-1.6,0
1,-4.4,C0024796,M1,1,0,DisGeNET,35,Marfan Syndrome,,-4.4,5.5,5.8,30337,130,380,9,2.4,0.78,240|1003|2395|4035|4053|5595|7078|9314|54897,ALOX5|CDH5|FXN|LRP1|LTBP2|MAPK3|TIMP3|KLF4|CASZ1,-1.6,0
1,-4.4,C0016529,M1,1,0,DisGeNET,35,Forced expiratory volume function,,-4.4,3.8,5.3,30337,272,380,13,3.4,0.93,3200|3202|3955|4330|9828|57553|79026|79058|84256|134265|256364|100996485|101929378,HOXA3|HOXA5|LFNG|MN1|ARHGEF17|MICAL3|AHNAK|ASPSCR1|FLYWCH1|AFAP1L1|EML3|PITX1-AS1|LINC01876,-1.6,0
1,-4.3,C1306503,M1,1,0,DisGeNET,35,Congenital exomphalos,,-4.3,4.1,5.3,30337,235,380,12,3.2,0.9,1312|1788|1855|3339|3955|4035|4784|26053|54453|64359|83879|85358,COMT|DNMT3A|DVL1|HSPG2|LFNG|LRP1|NFIX|AUTS2|RIN2|NXN|CDCA7|SHANK3,-1.6,0
1,-4.3,C0079772,M1,1,0,DisGeNET,35,T-Cell Lymphoma,,-4.3,3,4.9,30337,485,380,18,4.7,1.1,639|864|1788|2956|3559|4035|4772|5133|5293|5771|6886|7161|9825|10801|23136|51477|54897|374569,PRDM1|RUNX3|DNMT3A|MSH6|IL2RA|LRP1|NFATC1|PDCD1|PIK3CD|PTPN2|TAL1|TP73|SPATA2|SEPTIN9|EPB41L3|ISYNA1|CASZ1|ASPG,-1.6,0
1,-4.2,C0025286,M1,1,0,DisGeNET,35,Meningioma,,-4.2,2.6,4.7,30337,634,380,21,5.5,1.2,240|435|864|886|2022|2034|3200|4053|4330|5133|5154|5293|5595|5725|6649|7078|7161|7799|9314|23136|57007,ALOX5|ASL|RUNX3|CCKAR|ENG|EPAS1|HOXA3|LTBP2|MN1|PDCD1|PDGFA|PIK3CD|MAPK3|PTBP1|SOD3|TIMP3|TP73|PRDM2|KLF4|EPB41L3|ACKR3,-1.5,0
1,-4.2,C0026034,M1,1,0,DisGeNET,35,Microstomia,,-4.2,4.6,5.4,30337,172,380,10,2.6,0.82,1312|3339|4774|4784|5048|8642|9469|10801|26053|63976,COMT|HSPG2|NFIA|NFIX|PAFAH1B1|DCHS1|CHST3|SEPTIN9|AUTS2|PRDM16,-1.5,0
1,-4.2,C0010606,M1,1,0,DisGeNET,35,Adenoid Cystic Carcinoma,,-4.2,3.4,5,30337,325,380,14,3.7,0.97,864|1003|1969|2621|3315|3339|5293|5595|5605|6382|6595|11156|51477|57007,RUNX3|CDH5|EPHA2|GAS6|HSPB1|HSPG2|PIK3CD|MAPK3|MAP2K2|SDC1|SMARCA2|PTP4A3|ISYNA1|ACKR3,-1.5,0
1,-4.1,C0021704,M1,1,0,DisGeNET,35,Intelligence,,-4.1,2.6,4.6,30337,645,380,21,5.5,1.2,575|1434|1523|4784|5799|8019|8291|9745|9902|10160|10458|11078|22997|26053|64375|64506|85358|89796|150368|150726|101929378,ADGRB1|CSE1L|CUX1|NFIX|PTPRN2|BRD3|DYSF|ZNF536|MRC2|FARP1|BAIAP2|TRIOBP|IGSF9B|AUTS2|IKZF4|CPEB1|SHANK3|NAV1|PHETA2|FBXO41|LINC01876,-1.5,0
1,-4.1,C1134719,M1,1,0,DisGeNET,35,Invasive Ductal Breast Carcinoma,,-4.1,3.1,4.8,30337,414,380,16,4.2,1,864|1487|3090|5133|5293|5578|5590|5753|7078|7171|9825|9902|23396|54345|57007|406984,RUNX3|CTBP1|HIC1|PDCD1|PIK3CD|PRKCA|PRKCZ|PTK6|TIMP3|TPM4|SPATA2|MRC2|PIP5K1C|SOX18|ACKR3|MIR200B,-1.5,0
1,-4.1,C0024232,M1,1,0,DisGeNET,35,Lymphatic Metastasis,,-4.1,2.9,4.7,30337,463,380,17,4.5,1.1,1969|2052|3315|5133|5293|5395|5590|5595|5725|6382|7161|9314|9319|11156|57007|168002|220064,EPHA2|EPHX1|HSPB1|PDCD1|PIK3CD|PMS2|PRKCZ|MAPK3|PTBP1|SDC1|TP73|KLF4|TRIP13|PTP4A3|ACKR3|DACT2|LTO1,-1.4,0
1,-4,C0265695,M1,1,0,DisGeNET,35,Congenital fusion of ribs,,-4,11,6.7,30337,37,380,5,1.3,0.58,1487|3955|10815|63976|64359,CTBP1|LFNG|CPLX1|PRDM16|NXN,-1.4,0
1,-3.9,C0027796,M1,1,0,DisGeNET,35,Neuralgia,,-3.9,2.4,4.4,30337,766,380,23,6.1,1.2,864|1269|1312|1788|2052|3339|4035|4155|4772|5023|5293|5578|5595|5605|7078|9469|29933|51343|54897|57007|85358|219699|406984,RUNX3|CNR2|COMT|DNMT3A|EPHX1|HSPG2|LRP1|MBP|NFATC1|P2RX1|PIK3CD|PRKCA|MAPK3|MAP2K2|TIMP3|CHST3|GPR132|FZR1|CASZ1|ACKR3|SHANK3|UNC5B|MIR200B,-1.3,0
1,-3.9,C0023470,M1,1,0,DisGeNET,35,Myeloid Leukemia,,-3.9,3.1,4.7,30337,385,380,15,3.9,1,1523|1788|2672|3689|4298|4330|5023|5293|5578|5595|6886|7161|9314|11156|63976,CUX1|DNMT3A|GFI1|ITGB2|MLLT1|MN1|P2RX1|PIK3CD|PRKCA|MAPK3|TAL1|TP73|KLF4|PTP4A3|PRDM16,-1.3,0
1,-3.9,C1282496,M1,1,0,DisGeNET,35,Metastasis from malignant tumor of prostate,,-3.9,3.3,4.8,30337,342,380,14,3.7,0.97,1434|1487|2621|2956|3315|3339|5293|5395|6382|9314|56937|80790|153090|445815,CSE1L|CTBP1|GAS6|MSH6|HSPB1|HSPG2|PIK3CD|PMS2|SDC1|KLF4|PMEPA1|CMIP|DAB2IP|PALM2AKAP2,-1.3,0
1,-3.9,C2931852,M1,1,0,DisGeNET,35,Clear-cell metastatic renal cell carcinoma,,-3.9,3.7,4.9,30337,260,380,12,3.2,0.9,1523|1788|1969|2034|5133|5581|5595|8140|8291|23051|57007|119391,CUX1|DNMT3A|EPHA2|EPAS1|PDCD1|PRKCE|MAPK3|SLC7A5|DYSF|ZHX3|ACKR3|GSTO2,-1.3,0
1,-3.9,C0751212,M1,1,0,DisGeNET,35,"Hyperalgesia, Secondary",,-3.9,6.4,5.7,30337,88,380,7,1.8,0.69,240|1269|1312|5578|5581|5590|5595,ALOX5|CNR2|COMT|PRKCA|PRKCE|PRKCZ|MAPK3,-1.3,0
1,-3.9,C4521042,M1,1,0,DisGeNET,35,Complete Trisomy 21 Syndrome,,-3.9,2.5,4.4,30337,668,380,21,5.5,1.2,1059|1312|1434|1788|2022|2034|3559|3689|4155|4772|4773|4774|4782|4784|5293|6573|7078|7161|57007|64506|342977,CENPB|COMT|CSE1L|DNMT3A|ENG|EPAS1|IL2RA|ITGB2|MBP|NFATC1|NFATC2|NFIA|NFIC|NFIX|PIK3CD|SLC19A1|TIMP3|TP73|ACKR3|CPEB1|NANOS3,-1.3,0
1,-3.8,C0234251,M1,1,0,DisGeNET,35,Inflammatory pain,,-3.8,3.6,4.8,30337,266,380,12,3.2,0.9,1269|1312|1523|1788|5293|5578|5595|9536|23327|29933|57007|64506,CNR2|COMT|CUX1|DNMT3A|PIK3CD|PRKCA|MAPK3|PTGES|NEDD4L|GPR132|ACKR3|CPEB1,-1.3,0
1,-3.8,C2243051,M1,1,0,DisGeNET,35,Large head (disorder),,-3.8,7.5,5.8,30337,64,380,6,1.6,0.64,1759|4774|5395|6595|26053|54453,DNM1|NFIA|PMS2|SMARCA2|AUTS2|RIN2,-1.3,0
1,-3.8,C0429097,M1,1,0,DisGeNET,35,QRS complex feature,,-3.8,9.7,6.3,30337,41,380,5,1.3,0.58,4774|5578|9516|63976|143187,NFIA|PRKCA|LITAF|PRDM16|VTI1A,-1.3,0
1,-3.8,C0007124,M1,1,0,DisGeNET,35,Noninfiltrating Intraductal Carcinoma,,-3.8,2.8,4.5,30337,486,380,17,4.5,1.1,864|1999|2621|2956|3202|3315|3559|5293|5395|5595|5909|6382|9612|9620|9902|11156|84627,RUNX3|ELF3|GAS6|MSH6|HOXA5|HSPB1|IL2RA|PIK3CD|PMS2|MAPK3|RAP1GAP|SDC1|NCOR2|CELSR1|MRC2|PTP4A3|ZNF469,-1.3,0
1,-3.8,C0027809,M1,1,0,DisGeNET,35,Neurilemmoma,,-3.8,4.1,4.9,30337,193,380,10,2.6,0.82,1523|2022|2621|4155|5293|5595|5605|7161|57007|116986,CUX1|ENG|GAS6|MBP|PIK3CD|MAPK3|MAP2K2|TP73|ACKR3|AGAP2,-1.2,0
1,-3.8,C0002170,M1,1,0,DisGeNET,35,Alopecia,,-3.8,2.8,4.4,30337,491,380,17,4.5,1.1,864|1487|1855|3559|5154|6573|6595|10603|10804|23051|26053|54082|54345|54453|54897|64359|101928784,RUNX3|CTBP1|DVL1|IL2RA|PDGFA|SLC19A1|SMARCA2|SH2B2|GJB6|ZHX3|AUTS2|TSPEAR-AS1|SOX18|RIN2|CASZ1|NXN|RORA-AS1,-1.2,0
1,-3.7,C0376618,M1,1,0,DisGeNET,35,Endotoxemia,,-3.7,3,4.5,30337,401,380,15,3.9,1,240|435|1003|1269|3315|3689|4155|5023|5209|5293|5595|7078|9536|51477|57007,ALOX5|ASL|CDH5|CNR2|HSPB1|ITGB2|MBP|P2RX1|PFKFB3|PIK3CD|MAPK3|TIMP3|PTGES|ISYNA1|ACKR3,-1.2,0
1,-3.7,C4528257,M1,1,0,DisGeNET,35,Corpuscular Hemoglobin Concentration Mean,,-3.7,3,4.5,30337,401,380,15,3.9,1,240|1677|5581|6650|6886|8224|9612|9828|9830|23499|25862|51090|51422|201176|254102,ALOX5|DFFB|PRKCE|CAPN15|TAL1|SYN3|NCOR2|ARHGEF17|TRIM14|MACF1|USP49|PLLP|PRKAG2|ARHGAP27|EHBP1L1,-1.2,0
1,-3.7,C0020534,M1,1,0,DisGeNET,35,Orbital separation excessive,,-3.7,2.6,4.3,30337,590,380,19,5,1.1,1312|1487|1788|1855|2314|3339|4298|4784|5048|5605|8642|9394|9469|10815|26053|56262|64359|65250|83879,COMT|CTBP1|DNMT3A|DVL1|FLII|HSPG2|MLLT1|NFIX|PAFAH1B1|MAP2K2|DCHS1|HS6ST1|CHST3|CPLX1|AUTS2|LRRC8A|NXN|CPLANE1|CDCA7,-1.2,0
1,-3.7,C0238790,M1,1,0,DisGeNET,35,bone destruction,,-3.7,3.8,4.8,30337,234,380,11,2.9,0.86,864|1269|1523|2672|4772|5595|6382|6452|23030|50619|56937,RUNX3|CNR2|CUX1|GFI1|NFATC1|MAPK3|SDC1|SH3BP2|KDM4B|DEF6|PMEPA1,-1.2,0
1,-3.7,C0002726,M1,1,0,DisGeNET,35,Amyloidosis,,-3.7,2.4,4.2,30337,694,380,21,5.5,1.2,240|1269|1434|1759|1788|2621|3339|4035|4155|4774|4782|4784|5293|5578|5595|6382|8291|10043|10044|90427|153090,ALOX5|CNR2|CSE1L|DNM1|DNMT3A|GAS6|HSPG2|LRP1|MBP|NFIA|NFIC|NFIX|PIK3CD|PRKCA|MAPK3|SDC1|DYSF|TOM1|SH2D3C|BMF|DAB2IP,-1.2,0
1,-3.7,C0152171,M1,1,0,DisGeNET,35,Idiopathic pulmonary hypertension,,-3.7,4.5,5,30337,161,380,9,2.4,0.78,240|1487|2022|2034|3202|4035|5154|5595|6649,ALOX5|CTBP1|ENG|EPAS1|HOXA5|LRP1|PDGFA|MAPK3|SOD3,-1.2,0
1,-3.7,C0020429,M1,1,0,DisGeNET,35,Hyperalgesia,,-3.7,2.8,4.4,30337,451,380,16,4.2,1,240|1269|1312|1523|4773|5023|5293|5578|5581|5590|5595|5725|9536|29933|51477|85358,ALOX5|CNR2|COMT|CUX1|NFATC2|P2RX1|PIK3CD|PRKCA|PRKCE|PRKCZ|MAPK3|PTBP1|PTGES|GPR132|ISYNA1|SHANK3,-1.2,0
1,-3.7,C0936223,M1,1,0,DisGeNET,35,Metastatic Prostate Carcinoma,,-3.7,3.1,4.5,30337,362,380,14,3.7,0.97,1434|1487|2621|2956|3315|3339|5293|5395|6382|9314|56937|80790|153090|445815,CSE1L|CTBP1|GAS6|MSH6|HSPB1|HSPG2|PIK3CD|PMS2|SDC1|KLF4|PMEPA1|CMIP|DAB2IP|PALM2AKAP2,-1.2,0
1,-3.6,C0426848,M1,1,0,DisGeNET,35,Sacral dimple,,-3.6,6.9,5.6,30337,69,380,6,1.6,0.64,1855|3090|5048|8642|64359|85358,DVL1|HIC1|PAFAH1B1|DCHS1|NXN|SHANK3,-1.2,0
1,-3.6,C1306557,M1,1,0,DisGeNET,35,Chronic venous insufficiency,,-3.6,13,6.6,30337,25,380,4,1.1,0.52,2022|3689|5293|5595,ENG|ITGB2|PIK3CD|MAPK3,-1.2,0
1,-3.6,C1261502,M1,1,0,DisGeNET,35,Finding of Mean Corpuscular Hemoglobin,,-3.6,2.4,4.2,30337,653,380,20,5.3,1.1,240|1269|4298|4330|4784|5493|6886|8019|8140|22904|25862|26053|57666|63976|84875|92922|114818|161882|254102|345274,ALOX5|CNR2|MLLT1|MN1|NFIX|PPL|TAL1|BRD3|SLC7A5|SBNO2|USP49|AUTS2|FBRSL1|PRDM16|PARP10|CCDC102A|KLHL29|ZFPM1|EHBP1L1|SLC10A6,-1.2,0
1,-3.6,C0028945,M1,1,0,DisGeNET,35,oligodendroglioma,,-3.6,3.4,4.6,30337,282,380,12,3.2,0.9,1434|1677|2034|2395|2956|3339|4155|5154|5293|6595|7161|7799,CSE1L|DFFB|EPAS1|FXN|MSH6|HSPG2|MBP|PDGFA|PIK3CD|SMARCA2|TP73|PRDM2,-1.2,0
1,-3.6,C1865014,M1,1,0,DisGeNET,35,Long philtrum,,-3.6,3.4,4.6,30337,282,380,12,3.2,0.9,1312|1855|3339|3955|5605|6595|9469|10815|54453|63976|64359|85358,COMT|DVL1|HSPG2|LFNG|MAP2K2|SMARCA2|CHST3|CPLX1|RIN2|PRDM16|NXN|SHANK3,-1.2,0
1,-3.6,C0338831,M1,1,0,DisGeNET,35,Manic,,-3.6,4.3,4.8,30337,166,380,9,2.4,0.78,1312|4784|5293|5578|6196|8553|10815|84628|85358,COMT|NFIX|PIK3CD|PRKCA|RPS6KA2|BHLHE40|CPLX1|NTNG2|SHANK3,-1.2,0
1,-3.6,C0349566,M1,1,0,DisGeNET,35,Squamous cell carcinoma of tongue,,-3.6,2.8,4.3,30337,462,380,16,4.2,1,864|1523|1969|2034|3315|3339|5133|5293|5595|5725|6382|9830|51343|51477|130497|406984,RUNX3|CUX1|EPHA2|EPAS1|HSPB1|HSPG2|PDCD1|PIK3CD|MAPK3|PTBP1|SDC1|TRIM14|FZR1|ISYNA1|OSR1|MIR200B,-1.2,0
1,-3.6,C0014474,M1,1,0,DisGeNET,35,Ependymoma,,-3.6,3.6,4.6,30337,244,380,11,2.9,0.86,2956|3090|4035|4782|5293|5395|5802|7078|7161|23136|65998,MSH6|HIC1|LRP1|NFIC|PIK3CD|PMS2|PTPRS|TIMP3|TP73|EPB41L3|ZFTA,-1.1,0
1,-3.5,C0013080,M1,1,0,DisGeNET,35,Down Syndrome,,-3.5,2.3,4.1,30337,765,380,22,5.8,1.2,1059|1312|1434|1788|2022|2034|3559|3689|4155|4772|4773|4774|4782|4784|5293|6573|7078|7161|57007|63976|64506|342977,CENPB|COMT|CSE1L|DNMT3A|ENG|EPAS1|IL2RA|ITGB2|MBP|NFATC1|NFATC2|NFIA|NFIC|NFIX|PIK3CD|SLC19A1|TIMP3|TP73|ACKR3|PRDM16|CPEB1|NANOS3,-1.1,0
1,-3.5,C3273254,M1,1,0,DisGeNET,35,Arterionephrosclerosis,,-3.5,22,7.8,30337,11,380,3,0.79,0.45,4774|4782|4784,NFIA|NFIC|NFIX,-1.1,0
1,-3.5,C0175704,M1,1,0,DisGeNET,35,LEOPARD Syndrome,,-3.5,8.5,5.8,30337,47,380,5,1.3,0.58,1969|2395|5293|5595|5605,EPHA2|FXN|PIK3CD|MAPK3|MAP2K2,-1.1,0
1,-3.5,C0150055,M1,1,0,DisGeNET,35,Chronic pain,,-3.5,3.9,4.6,30337,207,380,10,2.6,0.82,1269|1312|1788|5023|5293|5578|5581|9536|11332|23396,CNR2|COMT|DNMT3A|P2RX1|PIK3CD|PRKCA|PRKCE|PTGES|ACOT7|PIP5K1C,-1.1,0
1,-3.5,C0220633,M1,1,0,DisGeNET,35,Uveal melanoma,,-3.5,3,4.3,30337,375,380,14,3.7,0.97,3090|3315|3339|3689|5133|5293|5395|5578|5595|7078|7161|11156|57007|113146,HIC1|HSPB1|HSPG2|ITGB2|PDCD1|PIK3CD|PMS2|PRKCA|MAPK3|TIMP3|TP73|PTP4A3|ACKR3|AHNAK2,-1.1,0
1,-3.5,C4086152,M1,1,0,DisGeNET,35,Childhood Astrocytoma,,-3.5,2.5,4.1,30337,615,380,19,5,1.1,105|240|1269|2314|2956|3665|4155|4774|5209|5293|5578|5595|5998|6595|7161|57007|63976|64506|342977,ADARB2|ALOX5|CNR2|FLII|MSH6|IRF7|MBP|NFIA|PFKFB3|PIK3CD|PRKCA|MAPK3|RGS3|SMARCA2|TP73|ACKR3|PRDM16|CPEB1|NANOS3,-1.1,0
1,-3.5,C0553580,M1,1,0,DisGeNET,35,Ewings sarcoma,,-3.5,2.6,4.2,30337,517,380,17,4.5,1.1,864|1434|1969|2022|2314|2621|2956|3315|4035|4773|5048|5133|5293|5395|5578|26147|57007,RUNX3|CSE1L|EPHA2|ENG|FLII|GAS6|MSH6|HSPB1|LRP1|NFATC2|PAFAH1B1|PDCD1|PIK3CD|PMS2|PRKCA|PHF19|ACKR3,-1.1,0
1,-3.5,C1518922,M1,1,0,DisGeNET,35,peak expiratory flow (procedure),,-3.5,6.5,5.3,30337,74,380,6,1.6,0.64,4035|4330|9828|57553|256364|101929378,LRP1|MN1|ARHGEF17|MICAL3|EML3|LINC01876,-1.1,0
1,-3.5,C0239676,M1,1,0,DisGeNET,35,High forehead,,-3.5,3.8,4.6,30337,211,380,10,2.6,0.82,1487|1759|1855|3090|4784|5048|5605|9319|10815|64359,CTBP1|DNM1|DVL1|HIC1|NFIX|PAFAH1B1|MAP2K2|TRIP13|CPLX1|NXN,-1.1,0
1,-3.5,C0730328,M1,1,0,DisGeNET,35,Central Serous Chorioretinopathy,,-3.5,3.8,4.6,30337,211,380,10,2.6,0.82,864|1003|1788|5293|5595|6382|8140|9314|57007|406984,RUNX3|CDH5|DNMT3A|PIK3CD|MAPK3|SDC1|SLC7A5|KLF4|ACKR3|MIR200B,-1.1,0
1,-3.4,C3203102,M1,1,0,DisGeNET,35,Idiopathic pulmonary arterial hypertension,,-3.4,2.3,4,30337,776,380,22,5.8,1.2,240|1003|1487|2022|2034|3202|3339|4035|4773|4784|5023|5154|5209|5293|5595|5725|6586|6649|9314|9469|11332|22904,ALOX5|CDH5|CTBP1|ENG|EPAS1|HOXA5|HSPG2|LRP1|NFATC2|NFIX|P2RX1|PDGFA|PFKFB3|PIK3CD|MAPK3|PTBP1|SLIT3|SOD3|KLF4|CHST3|ACOT7|SBNO2,-1.1,0
1,-3.4,C0026998,M1,1,0,DisGeNET,35,"Acute Myeloid Leukemia, M1",,-3.4,4.6,4.8,30337,138,380,8,2.1,0.74,864|1269|1788|2052|2672|3315|4330|10801,RUNX3|CNR2|DNMT3A|EPHX1|GFI1|HSPB1|MN1|SEPTIN9,-1.1,0
1,-3.4,C1257915,M1,1,0,DisGeNET,35,Intestinal Polyposis,,-3.4,8.1,5.6,30337,49,380,5,1.3,0.58,1523|2022|2956|5395|9319,CUX1|ENG|MSH6|PMS2|TRIP13,-1.1,0
1,-3.4,C0153633,M1,1,0,DisGeNET,35,Malignant neoplasm of brain,,-3.4,3.3,4.4,30337,294,380,12,3.2,0.9,832|1969|2956|3315|3689|4155|5133|5293|5595|7161|57007|146664,CAPZB|EPHA2|MSH6|HSPB1|ITGB2|MBP|PDCD1|PIK3CD|MAPK3|TP73|ACKR3|MGAT5B,-1.1,0
1,-3.4,C0278650,M1,1,0,DisGeNET,35,Childhood Supratentorial Ependymoma,,-3.4,20,7.4,30337,12,380,3,0.79,0.45,5133|9825|65998,PDCD1|SPATA2|ZFTA,-1.1,0
1,-3.4,C1968999,M1,1,0,DisGeNET,35,Rib segmentation abnormalities,,-3.4,20,7.4,30337,12,380,3,0.79,0.45,1487|3955|10815,CTBP1|LFNG|CPLX1,-1.1,0
1,-3.4,C0262444,M1,1,0,DisGeNET,35,Abnormality of the dentition,,-3.4,4.6,4.8,30337,140,380,8,2.1,0.74,6595|9394|10804|54082|54345|64359|84627|85358,SMARCA2|HS6ST1|GJB6|TSPEAR-AS1|SOX18|NXN|ZNF469|SHANK3,-1.1,0
1,-3.4,C3887461,M1,1,0,DisGeNET,35,Head and Neck Carcinoma,,-3.4,2.2,3.9,30337,786,380,22,5.8,1.2,240|864|1969|2052|2956|3315|3559|4772|5023|5133|5293|6382|6595|7078|7161|7465|8140|9319|9536|9922|57007|147138,ALOX5|RUNX3|EPHA2|EPHX1|MSH6|HSPB1|IL2RA|NFATC1|P2RX1|PDCD1|PIK3CD|SDC1|SMARCA2|TIMP3|TP73|WEE1|SLC7A5|TRIP13|PTGES|IQSEC1|ACKR3|TMC8,-1,0
1,-3.3,C0023465,M1,1,0,DisGeNET,35,Acute monocytic leukemia,,-3.3,2.4,4,30337,633,380,19,5,1.1,1788|2034|2621|2672|2956|3559|3665|3689|4035|4298|4772|5048|5293|5725|9314|10801|11156|11332|63976,DNMT3A|EPAS1|GAS6|GFI1|MSH6|IL2RA|IRF7|ITGB2|LRP1|MLLT1|NFATC1|PAFAH1B1|PIK3CD|PTBP1|KLF4|SEPTIN9|PTP4A3|ACOT7|PRDM16,-1,0
1,-3.3,C0038586,M1,1,0,DisGeNET,35,Substance Use Disorders,,-3.3,3.7,4.4,30337,218,380,10,2.6,0.82,105|1269|1312|3983|5581|6886|7260|10160|57007|130497,ADARB2|CNR2|COMT|ABLIM1|PRKCE|TAL1|EIPR1|FARP1|ACKR3|OSR1,-1,0
1,-3.3,C1879321,M1,1,0,DisGeNET,35,Acute Myeloid Leukemia (AML-M2),,-3.3,4.5,4.7,30337,143,380,8,2.1,0.74,864|1269|1788|2052|2672|3315|4330|10801,RUNX3|CNR2|DNMT3A|EPHX1|GFI1|HSPB1|MN1|SEPTIN9,-1,0
1,-3.3,C0424605,M1,1,0,DisGeNET,35,Developmental delay (disorder),,-3.3,2.5,4,30337,584,380,18,4.7,1.1,1487|1523|1759|3559|3689|4155|4330|4774|5048|5293|5605|9228|10458|23499|26053|80790|84875|85358,CTBP1|CUX1|DNM1|IL2RA|ITGB2|MBP|MN1|NFIA|PAFAH1B1|PIK3CD|MAP2K2|DLGAP2|BAIAP2|MACF1|AUTS2|CMIP|PARP10|SHANK3,-1,0
1,-3.3,C0012734,M1,1,0,DisGeNET,35,Disruptive Behavior Disorder,,-3.3,18,7.1,30337,13,380,3,0.79,0.45,1312|6886|130497,COMT|TAL1|OSR1,-0.99,0
1,-3.3,C0221500,M1,1,0,DisGeNET,35,Effects of heat,,-3.3,18,7.1,30337,13,380,3,0.79,0.45,3315|5293|5595,HSPB1|PIK3CD|MAPK3,-0.99,0
1,-3.3,C1861324,M1,1,0,DisGeNET,35,Short philtrum,,-3.3,3.9,4.5,30337,182,380,9,2.4,0.78,1312|1487|1855|2022|2314|4784|10815|26053|64359,COMT|CTBP1|DVL1|ENG|FLII|NFIX|CPLX1|AUTS2|NXN,-0.99,0
1,-3.3,C0005411,M1,1,0,DisGeNET,35,Biliary Atresia,,-3.3,3.9,4.5,30337,184,380,9,2.4,0.78,1788|2034|2817|3665|3689|5154|5595|84869|406984,DNMT3A|EPAS1|GPC1|IRF7|ITGB2|PDGFA|MAPK3|CBR4|MIR200B,-0.97,0
1,-3.3,C3714636,M1,1,0,DisGeNET,35,Pneumonitis,,-3.3,2.3,3.9,30337,696,380,20,5.3,1.1,240|1269|1523|1969|2395|2621|3315|3559|3689|4773|5133|5293|5578|5595|6382|7071|9314|9536|51477|57007,ALOX5|CNR2|CUX1|EPHA2|FXN|GAS6|HSPB1|IL2RA|ITGB2|NFATC2|PDCD1|PIK3CD|PRKCA|MAPK3|SDC1|KLF10|KLF4|PTGES|ISYNA1|ACKR3,-0.96,0
1,-3.2,C0205969,M1,1,0,DisGeNET,35,Thymic Carcinoma,,-3.2,5.8,4.9,30337,82,380,6,1.6,0.64,1788|5133|5293|8140|9536|9825,DNMT3A|PDCD1|PIK3CD|SLC7A5|PTGES|SPATA2,-0.95,0
1,-3.2,C0342384,M1,1,0,DisGeNET,35,Idiopathic hypogonadotropic hypogonadism,,-3.2,5.8,4.9,30337,82,380,6,1.6,0.64,864|4772|5361|5595|9394|57007,RUNX3|NFATC1|PLXNA1|MAPK3|HS6ST1|ACKR3,-0.95,0
1,-3.2,C0852036,M1,1,0,DisGeNET,35,Pregnancy associated hypertension,,-3.2,3.9,4.4,30337,186,380,9,2.4,0.78,240|2022|3339|3559|5133|5293|6382|11332|51477,ALOX5|ENG|HSPG2|IL2RA|PDCD1|PIK3CD|SDC1|ACOT7|ISYNA1,-0.95,0
1,-3.2,C0751213,M1,1,0,DisGeNET,35,Tactile Allodynia,,-3.2,4.9,4.7,30337,114,380,7,1.8,0.69,240|1269|1312|4035|5581|5590|5595,ALOX5|CNR2|COMT|LRP1|PRKCE|PRKCZ|MAPK3,-0.95,0
1,-3.2,C0013146,M1,1,0,DisGeNET,35,Drug abuse,,-3.2,2.8,4,30337,404,380,14,3.7,0.97,105|435|1269|1312|1434|3315|3983|5581|5725|6886|7260|10160|54897|57007,ADARB2|ASL|CNR2|COMT|CSE1L|HSPB1|ABLIM1|PRKCE|PTBP1|TAL1|EIPR1|FARP1|CASZ1|ACKR3,-0.94,0
1,-3.2,C0042345,M1,1,0,DisGeNET,35,Varicosity,,-3.2,3.8,4.4,30337,188,380,9,2.4,0.78,1312|2034|3689|4773|5578|7078|9469|51764|54897,COMT|EPAS1|ITGB2|NFATC2|PRKCA|TIMP3|CHST3|GNG13|CASZ1,-0.94,0
1,-3.2,C0751396,M1,1,0,DisGeNET,35,Well Differentiated Oligodendroglioma,,-3.2,3.3,4.2,30337,270,380,11,2.9,0.86,1434|2034|2395|2956|3339|4155|5154|5293|6595|7161|7799,CSE1L|EPAS1|FXN|MSH6|HSPG2|MBP|PDGFA|PIK3CD|SMARCA2|TP73|PRDM2,-0.94,0
1,-3.2,C0026603,M1,1,0,DisGeNET,35,Motion Sickness,,-3.2,10,5.7,30337,32,380,4,1.1,0.52,1269|5595|26053|63976,CNR2|MAPK3|AUTS2|PRDM16,-0.94,0
1,-3.2,C0005587,M1,1,0,DisGeNET,35,"Depression, Bipolar",,-3.2,4.8,4.6,30337,116,380,7,1.8,0.69,1312|1523|2022|6196|8553|10815|84628,COMT|CUX1|ENG|RPS6KA2|BHLHE40|CPLX1|NTNG2,-0.94,0
1,-3.2,C0036095,M1,1,0,DisGeNET,35,Salivary Gland Neoplasms,,-3.2,4.8,4.6,30337,116,380,7,1.8,0.69,218|2022|2621|2956|6382|51477|57007,ALDH3A1|ENG|GAS6|MSH6|SDC1|ISYNA1|ACKR3,-0.94,0
1,-3.2,C0458247,M1,1,0,DisGeNET,35,Allodynia,,-3.2,5.7,4.9,30337,84,380,6,1.6,0.64,240|1269|1312|5581|5590|5595,ALOX5|CNR2|COMT|PRKCE|PRKCZ|MAPK3,-0.94,0
1,-3.2,C0751211,M1,1,0,DisGeNET,35,"Hyperalgesia, Primary",,-3.2,5.7,4.9,30337,84,380,6,1.6,0.64,240|1269|1312|5581|5590|5595,ALOX5|CNR2|COMT|PRKCE|PRKCZ|MAPK3,-0.94,0
1,-3.2,C3469521,M1,1,0,DisGeNET,35,"FANCONI ANEMIA, COMPLEMENTATION GROUP A (disorder)",,-3.2,2.9,4.1,30337,359,380,13,3.4,0.93,864|1487|2395|2956|3090|5209|5395|7161|7465|29933|55388|79661|90427,RUNX3|CTBP1|FXN|MSH6|HIC1|PFKFB3|PMS2|TP73|WEE1|GPR132|MCM10|NEIL1|BMF,-0.94,0
1,-3.2,C0795690,M1,1,0,DisGeNET,35,Congenital omphalocele,,-3.2,5.6,4.8,30337,85,380,6,1.6,0.64,3090|4035|4784|5048|6573|64359,HIC1|LRP1|NFIX|PAFAH1B1|SLC19A1|NXN,-0.91,0
1,-3.1,C0005940,M1,1,0,DisGeNET,35,Bone Diseases,,-3.1,3,4.1,30337,317,380,12,3.2,0.9,1523|1999|2022|2052|2672|4035|5293|6382|6452|11156|23499|63976,CUX1|ELF3|ENG|EPHX1|GFI1|LRP1|PIK3CD|SDC1|SH3BP2|PTP4A3|MACF1|PRDM16,-0.9,0
1,-3.1,C0023492,M1,1,0,DisGeNET,35,"Leukemia, T-Cell",,-3.1,2.6,3.9,30337,457,380,15,3.9,1,1312|1523|1788|2956|3559|3689|4035|5133|5293|5595|5771|6886|9825|26053|57007,COMT|CUX1|DNMT3A|MSH6|IL2RA|ITGB2|LRP1|PDCD1|PIK3CD|MAPK3|PTPN2|TAL1|SPATA2|AUTS2|ACKR3,-0.9,0
1,-3.1,C0279070,M1,1,0,DisGeNET,35,Adult Oligodendroglioma,,-3.1,4.1,4.4,30337,154,380,8,2.1,0.74,1434|2395|2956|3339|4155|5293|6595|7161,CSE1L|FXN|MSH6|HSPG2|MBP|PIK3CD|SMARCA2|TP73,-0.9,0
1,-3.1,C0280475,M1,1,0,DisGeNET,35,Childhood Oligodendroglioma,,-3.1,4.1,4.4,30337,154,380,8,2.1,0.74,1434|2395|2956|3339|4155|5293|6595|7161,CSE1L|FXN|MSH6|HSPG2|MBP|PIK3CD|SMARCA2|TP73,-0.9,0
1,-3.1,C0278996,M1,1,0,DisGeNET,35,Malignant Head and Neck Neoplasm,,-3.1,2.2,3.7,30337,767,380,21,5.5,1.2,240|864|1969|2034|2052|2956|3315|3559|4772|5023|5133|5293|5595|6595|7078|7161|7465|9319|9922|57007|147138,ALOX5|RUNX3|EPHA2|EPAS1|EPHX1|MSH6|HSPB1|IL2RA|NFATC1|P2RX1|PDCD1|PIK3CD|MAPK3|SMARCA2|TIMP3|TP73|WEE1|TRIP13|IQSEC1|ACKR3|TMC8,-0.89,0
1,-3.1,C0279583,M1,1,0,DisGeNET,35,Childhood T Acute Lymphoblastic Leukemia,,-3.1,4.7,4.5,30337,119,380,7,1.8,0.69,924|1788|5293|5578|6886|7161|63976,CD7|DNMT3A|PIK3CD|PRKCA|TAL1|TP73|PRDM16,-0.89,0
1,-3.1,C0027022,M1,1,0,DisGeNET,35,Myeloproliferative disease,,-3.1,2.8,4,30337,365,380,13,3.4,0.93,240|864|1523|1788|2621|2672|3315|3559|4330|5048|5133|5293|84627,ALOX5|RUNX3|CUX1|DNMT3A|GAS6|GFI1|HSPB1|IL2RA|MN1|PAFAH1B1|PDCD1|PIK3CD|ZNF469,-0.89,0
1,-3.1,C0200638,M1,1,0,DisGeNET,35,Eosinophil count procedure,,-3.1,2.4,3.8,30337,610,380,18,4.7,1.1,864|1269|1523|3559|3985|4773|4782|5771|8019|9612|10636|22904|54965|57597|58513|80305|80790|161882,RUNX3|CNR2|CUX1|IL2RA|LIMK2|NFATC2|NFIC|PTPN2|BRD3|NCOR2|RGS14|SBNO2|PIGX|BAHCC1|EPS15L1|TRABD|CMIP|ZFPM1,-0.89,0
1,-3.1,C0008925,M1,1,0,DisGeNET,35,Cleft Palate,,-3.1,2.4,3.8,30337,611,380,18,4.7,1.1,1298|1312|1487|2049|2314|3339|3955|4330|6573|9319|9394|9469|10801|10815|23327|23498|65250|84627,COL9A2|COMT|CTBP1|EPHB3|FLII|HSPG2|LFNG|MN1|SLC19A1|TRIP13|HS6ST1|CHST3|SEPTIN9|CPLX1|NEDD4L|HAAO|CPLANE1|ZNF469,-0.89,0
1,-3.1,C4524856,M1,1,0,DisGeNET,35,Refractory Classic Hodgkin Lymphoma,,-3.1,16,6.5,30337,15,380,3,0.79,0.45,5133|5293|9825,PDCD1|PIK3CD|SPATA2,-0.89,0
1,-3.1,C0856169,M1,1,0,DisGeNET,35,Endothelial dysfunction,,-3.1,2.2,3.8,30337,716,380,20,5.3,1.1,1003|2022|2621|3689|5023|5293|5578|5595|6382|6533|6649|9314|9469|9536|10804|55620|57007|284207|342977|406984,CDH5|ENG|GAS6|ITGB2|P2RX1|PIK3CD|PRKCA|MAPK3|SDC1|SLC6A6|SOD3|KLF4|CHST3|PTGES|GJB6|STAP2|ACKR3|METRNL|NANOS3|MIR200B,-0.89,0
1,-3.1,C0023267,M1,1,0,DisGeNET,35,Fibroid Tumor,,-3.1,2.7,3.9,30337,413,380,14,3.7,0.97,1312|1523|1677|1788|4053|5293|7022|8140|8519|9314|9469|9612|23180|376497,COMT|CUX1|DFFB|DNMT3A|LTBP2|PIK3CD|TFAP2C|SLC7A5|IFITM1|KLF4|CHST3|NCOR2|RFTN1|SLC27A1,-0.89,0
1,-3.1,C0020676,M1,1,0,DisGeNET,35,Hypothyroidism,,-3.1,2.3,3.8,30337,613,380,18,4.7,1.1,832|1312|2314|2817|3559|4035|4772|5133|5293|5595|8553|9319|9612|56262|63976|119391|168002|221472,CAPZB|COMT|FLII|GPC1|IL2RA|LRP1|NFATC1|PDCD1|PIK3CD|MAPK3|BHLHE40|TRIP13|NCOR2|LRRC8A|PRDM16|GSTO2|DACT2|FGD2,-0.89,0
1,-3.1,C2347748,M1,1,0,DisGeNET,35,Adult Erythroleukemia,,-3.1,3.4,4.1,30337,236,380,10,2.6,0.82,2034|2314|2672|3339|5293|5595|6886|22821|57007|161882,EPAS1|FLII|GFI1|HSPG2|PIK3CD|MAPK3|TAL1|RASA3|ACKR3|ZFPM1,-0.88,0
1,-3.1,C4520840,M1,1,0,DisGeNET,35,Erythroleukemia (Erythroid/Myeloid),,-3.1,3.4,4.1,30337,237,380,10,2.6,0.82,2034|2314|2672|3339|5293|5595|6886|22821|57007|161882,EPAS1|FLII|GFI1|HSPG2|PIK3CD|MAPK3|TAL1|RASA3|ACKR3|ZFPM1,-0.87,0
1,-3,C1839326,M1,1,0,DisGeNET,35,Abnormal form of the vertebral bodies,,-3,5.4,4.7,30337,89,380,6,1.6,0.64,1487|2314|3955|9469|10815|65250,CTBP1|FLII|LFNG|CHST3|CPLX1|CPLANE1,-0.86,0
1,-3,C0001815,M1,1,0,DisGeNET,35,Primary Myelofibrosis,,-3,3.1,4,30337,282,380,11,2.9,0.86,1523|1788|2022|3315|3559|3689|5293|5595|9612|90427|161882,CUX1|DNMT3A|ENG|HSPB1|IL2RA|ITGB2|PIK3CD|MAPK3|NCOR2|BMF|ZFPM1,-0.85,0
1,-3,C0042133,M1,1,0,DisGeNET,35,Uterine Fibroids,,-3,2.4,3.8,30337,569,380,17,4.5,1.1,1312|1523|1677|1788|2022|4053|5293|5595|7022|8140|8519|9314|9469|9612|23180|284001|376497,COMT|CUX1|DFFB|DNMT3A|ENG|LTBP2|PIK3CD|MAPK3|TFAP2C|SLC7A5|IFITM1|KLF4|CHST3|NCOR2|RFTN1|CCDC57|SLC27A1,-0.85,0
1,-3,C0205698,M1,1,0,DisGeNET,35,Undifferentiated carcinoma,,-3,3.1,4,30337,283,380,11,2.9,0.86,832|2052|2956|3689|5154|5395|5595|5725|6595|9902|57007,CAPZB|EPHX1|MSH6|ITGB2|PDGFA|PMS2|MAPK3|PTBP1|SMARCA2|MRC2|ACKR3,-0.84,0
1,-3,C0162770,M1,1,0,DisGeNET,35,Right Ventricular Hypertrophy,,-3,4,4.3,30337,160,380,8,2.1,0.74,2034|4773|5293|5578|8291|9314|51422|406984,EPAS1|NFATC2|PIK3CD|PRKCA|DYSF|KLF4|PRKAG2|MIR200B,-0.84,0
1,-3,C0013537,M1,1,0,DisGeNET,35,Eclampsia,,-3,3.3,4.1,30337,241,380,10,2.6,0.82,1312|2022|2052|3559|4773|5133|5771|8553|9825|57007,COMT|ENG|EPHX1|IL2RA|NFATC2|PDCD1|PTPN2|BHLHE40|SPATA2|ACKR3,-0.83,0
1,-3,C0279530,M1,1,0,DisGeNET,35,Malignant Bone Neoplasm,,-3,4.5,4.4,30337,125,380,7,1.8,0.69,1269|1788|2022|5293|5578|9830|130497,CNR2|DNMT3A|ENG|PIK3CD|PRKCA|TRIM14|OSR1,-0.82,0
1,-3,C0745103,M1,1,0,DisGeNET,35,Hyperlipoproteinemia Type IIa,,-3,3.6,4.1,30337,201,380,9,2.4,0.78,240|1298|1523|1952|2395|3339|3689|4035|26119,ALOX5|COL9A2|CUX1|CELSR2|FXN|HSPG2|ITGB2|LRP1|LDLRAP1,-0.82,0
1,-3,C0024305,M1,1,0,DisGeNET,35,"Lymphoma, Non-Hodgkin",,-3,2.2,3.6,30337,733,380,20,5.3,1.1,1312|1523|2052|2956|3090|3559|4155|5048|5133|5293|5578|5595|6573|7161|9314|9612|9963|29933|374569|406984,COMT|CUX1|EPHX1|MSH6|HIC1|IL2RA|MBP|PAFAH1B1|PDCD1|PIK3CD|PRKCA|MAPK3|SLC19A1|TP73|KLF4|NCOR2|SLC23A1|GPR132|ASPG|MIR200B,-0.81,0
1,-3,C0026987,M1,1,0,DisGeNET,35,Myelofibrosis,,-3,3.9,4.2,30337,163,380,8,2.1,0.74,1523|1788|3315|3559|5293|6886|9612|90427,CUX1|DNMT3A|HSPB1|IL2RA|PIK3CD|TAL1|NCOR2|BMF,-0.8,0
1,-3,C0521158,M1,1,0,DisGeNET,35,Recurrent tumor,,-3,2.2,3.6,30337,735,380,20,5.3,1.1,864|1969|2022|2034|2956|3315|5133|5293|5595|6586|7078|7799|9314|9612|10801|11156|57007|80790|84627|153090,RUNX3|EPHA2|ENG|EPAS1|MSH6|HSPB1|PDCD1|PIK3CD|MAPK3|SLIT3|TIMP3|PRDM2|KLF4|NCOR2|SEPTIN9|PTP4A3|ACKR3|CMIP|ZNF469|DAB2IP,-0.8,0
1,-2.9,C0018803,M1,1,0,DisGeNET,35,Heart Function Tests,,-2.9,14,6.1,30337,17,380,3,0.79,0.45,4774|5578|143187,NFIA|PRKCA|VTI1A,-0.78,0
1,-2.9,C1608389,M1,1,0,DisGeNET,35,Autoimmune myocarditis,,-2.9,6.3,4.8,30337,63,380,5,1.3,0.58,3559|3689|5133|5293|5578,IL2RA|ITGB2|PDCD1|PIK3CD|PRKCA,-0.78,0
1,-2.9,C0008497,M1,1,0,DisGeNET,35,Choriocarcinoma,,-2.9,2.6,3.8,30337,431,380,14,3.7,0.97,2022|2034|3090|3315|4035|5154|5293|5595|6382|7078|8140|9469|54453|57007,ENG|EPAS1|HIC1|HSPB1|LRP1|PDGFA|PIK3CD|MAPK3|SDC1|TIMP3|SLC7A5|CHST3|RIN2|ACKR3,-0.77,0
1,-2.9,C0019569,M1,1,0,DisGeNET,35,Hirschsprung Disease,,-2.9,2.7,3.8,30337,384,380,13,3.4,0.93,1312|1855|3315|3689|5595|9314|9536|10804|23352|26053|57007|65250|221472,COMT|DVL1|HSPB1|ITGB2|MAPK3|KLF4|PTGES|GJB6|UBR4|AUTS2|ACKR3|CPLANE1|FGD2,-0.77,0
1,-2.9,C0003862,M1,1,0,DisGeNET,35,Arthralgia,,-2.9,3.2,4,30337,248,380,10,2.6,0.82,1298|2022|3559|4035|5048|5133|5771|9469|10801|26119,COL9A2|ENG|IL2RA|LRP1|PAFAH1B1|PDCD1|PTPN2|CHST3|SEPTIN9|LDLRAP1,-0.77,0
1,-2.9,C1333015,M1,1,0,DisGeNET,35,Childhood Kidney Wilms Tumor,,-2.9,2.8,3.8,30337,338,380,12,3.2,0.9,2314|2956|5154|5293|5395|5578|5595|7161|7799|9319|11156|130497,FLII|MSH6|PDGFA|PIK3CD|PMS2|PRKCA|MAPK3|TP73|PRDM2|TRIP13|PTP4A3|OSR1,-0.76,0
1,-2.9,C0085669,M1,1,0,DisGeNET,35,Acute leukemia,,-2.9,2.2,3.6,30337,639,380,18,4.7,1.1,864|1003|1523|1788|2022|3142|4035|4298|5293|6886|7161|7465|9516|10801|11156|51084|51343|374569,RUNX3|CDH5|CUX1|DNMT3A|ENG|HLX|LRP1|MLLT1|PIK3CD|TAL1|TP73|WEE1|LITAF|SEPTIN9|PTP4A3|CRYL1|FZR1|ASPG,-0.74,0
1,-2.9,C0280222,M1,1,0,DisGeNET,35,"stage, pancreatic cancer",,-2.9,13,5.9,30337,18,380,3,0.79,0.45,2817|5293|7071,GPC1|PIK3CD|KLF10,-0.73,0
1,-2.9,C0346191,M1,1,0,DisGeNET,35,Carcinoma in situ of endometrium,,-2.9,13,5.9,30337,18,380,3,0.79,0.45,1523|2956|5395,CUX1|MSH6|PMS2,-0.73,0
1,-2.9,C1335929,M1,1,0,DisGeNET,35,Schwannomatosis,,-2.9,13,5.9,30337,18,380,3,0.79,0.45,4774|4782|4784,NFIA|NFIC|NFIX,-0.73,0
1,-2.9,C0002020,M1,1,0,DisGeNET,35,Alexithymia,,-2.9,8.2,5.1,30337,39,380,4,1.1,0.52,1312|5048|6886|9469,COMT|PAFAH1B1|TAL1|CHST3,-0.72,0
1,-2.9,C0154778,M1,1,0,DisGeNET,35,"Myopia, Degenerative",,-2.9,8.2,5.1,30337,39,380,4,1.1,0.52,5799|7078|7434|9745,PTPRN2|TIMP3|VIPR2|ZNF536,-0.72,0
1,-2.8,C0026269,M1,1,0,DisGeNET,35,Mitral Valve Stenosis,,-2.8,3.8,4.1,30337,170,380,8,2.1,0.74,1312|3559|4155|5771|7161|8224|9469|23498,COMT|IL2RA|MBP|PTPN2|TP73|SYN3|CHST3|HAAO,-0.72,0
1,-2.8,C0220650,M1,1,0,DisGeNET,35,Metastatic malignant neoplasm to brain,,-2.8,2.6,3.7,30337,392,380,13,3.4,0.93,1788|1855|1969|2621|3339|5133|5293|5578|6382|6595|9314|51343|57007,DNMT3A|DVL1|EPHA2|GAS6|HSPG2|PDCD1|PIK3CD|PRKCA|SDC1|SMARCA2|KLF4|FZR1|ACKR3,-0.72,0
1,-2.8,C0024814,M1,1,0,DisGeNET,35,Marinesco-Sjogren syndrome,,-2.8,4.2,4.2,30337,133,380,7,1.8,0.69,864|2956|4784|5395|7078|7799|9536,RUNX3|MSH6|NFIX|PMS2|TIMP3|PRDM2|PTGES,-0.72,0
1,-2.8,C0015625,M1,1,0,DisGeNET,35,Fanconi Anemia,,-2.8,2.6,3.7,30337,393,380,13,3.4,0.93,864|1487|2395|2956|3090|5209|5395|7161|7465|29933|55388|79661|90427,RUNX3|CTBP1|FXN|MSH6|HIC1|PFKFB3|PMS2|TP73|WEE1|GPR132|MCM10|NEIL1|BMF,-0.72,0
1,-2.8,C1319315,M1,1,0,DisGeNET,35,Adenocarcinoma of large intestine,,-2.8,2.4,3.6,30337,543,380,16,4.2,1,864|1523|2956|4035|5133|5293|5395|5578|5590|6196|7161|23499|64359|114781|143187|100996485,RUNX3|CUX1|MSH6|LRP1|PDCD1|PIK3CD|PMS2|PRKCA|PRKCZ|RPS6KA2|TP73|MACF1|NXN|BTBD9|VTI1A|PITX1-AS1,-0.72,0
1,-2.8,C0153381,M1,1,0,DisGeNET,35,Malignant neoplasm of mouth,,-2.8,2.1,3.5,30337,756,380,20,5.3,1.1,240|864|2052|2956|3202|3315|3339|4773|5133|5293|5578|5595|6382|7078|7161|7465|8519|9314|11156|220064,ALOX5|RUNX3|EPHX1|MSH6|HOXA5|HSPB1|HSPG2|NFATC2|PDCD1|PIK3CD|PRKCA|MAPK3|SDC1|TIMP3|TP73|WEE1|IFITM1|KLF4|PTP4A3|LTO1,-0.72,0
1,-2.8,C4520983,M1,1,0,DisGeNET,35,Congenital atresia of extrahepatic bile duct,,-2.8,3.7,4,30337,172,380,8,2.1,0.74,1788|2034|2817|3665|3689|5154|5595|406984,DNMT3A|EPAS1|GPC1|IRF7|ITGB2|PDGFA|MAPK3|MIR200B,-0.72,0
1,-2.8,C0009405,M1,1,0,DisGeNET,35,Hereditary Nonpolyposis Colorectal Neoplasms,,-2.8,8,5,30337,40,380,4,1.1,0.52,1312|2052|2956|5395,COMT|EPHX1|MSH6|PMS2,-0.71,0
1,-2.8,C0949059,M1,1,0,DisGeNET,35,Polyp of large intestine,,-2.8,4.8,4.3,30337,99,380,6,1.6,0.64,240|864|2022|2052|2956|5395,ALOX5|RUNX3|ENG|EPHX1|MSH6|PMS2,-0.71,0
1,-2.8,C0201657,M1,1,0,DisGeNET,35,C-reactive protein measurement,,-2.8,4.1,4.1,30337,135,380,7,1.8,0.69,1952|3142|3559|5771|9745|54453|101928784,CELSR2|HLX|IL2RA|PTPN2|ZNF536|RIN2|RORA-AS1,-0.7,0
1,-2.8,C0023440,M1,1,0,DisGeNET,35,Acute Erythroblastic Leukemia,,-2.8,2.9,3.8,30337,302,380,11,2.9,0.86,2034|2314|2672|3339|5048|5293|5595|6886|22821|57007|161882,EPAS1|FLII|GFI1|HSPG2|PAFAH1B1|PIK3CD|MAPK3|TAL1|RASA3|ACKR3|ZFPM1,-0.7,0
1,-2.8,C0231274,M1,1,0,DisGeNET,35,Intolerant of heat,,-2.8,13,5.7,30337,19,380,3,0.79,0.45,2022|5605|85358,ENG|MAP2K2|SHANK3,-0.7,0
1,-2.8,C0431448,M1,1,0,DisGeNET,35,Absent eyebrow,,-2.8,13,5.7,30337,19,380,3,0.79,0.45,5605|6595|54345,MAP2K2|SMARCA2|SOX18,-0.7,0
1,-2.8,C1840382,M1,1,0,DisGeNET,35,Abnormality of the ureter,,-2.8,13,5.7,30337,19,380,3,0.79,0.45,2314|3339|3955,FLII|HSPG2|LFNG,-0.7,0
1,-2.8,C4721579,M1,1,0,DisGeNET,35,Secondary malignant neoplasm of colon and/or rectum,,-2.8,2.6,3.6,30337,397,380,13,3.4,0.93,1969|2022|3090|3665|5133|5154|5293|5395|5725|6573|9825|11332|84256,EPHA2|ENG|HIC1|IRF7|PDCD1|PDGFA|PIK3CD|PMS2|PTBP1|SLC19A1|SPATA2|ACOT7|FLYWCH1,-0.7,0
1,-2.8,C2103602,M1,1,0,DisGeNET,35,Autoimmune Primary Adrenal Insufficiency,,-2.8,7.8,4.9,30337,41,380,4,1.1,0.52,3559|4772|5133|10603,IL2RA|NFATC1|PDCD1|SH2B2,-0.69,0
1,-2.8,C2145472,M1,1,0,DisGeNET,35,Urothelial Carcinoma,,-2.8,2.5,3.6,30337,448,380,14,3.7,0.97,1788|1969|2022|4772|5133|5293|5395|5493|6382|11156|51477|55388|119391|153090,DNMT3A|EPHA2|ENG|NFATC1|PDCD1|PIK3CD|PMS2|PPL|SDC1|PTP4A3|ISYNA1|MCM10|GSTO2|DAB2IP,-0.69,0
1,-2.8,C0030297,M1,1,0,DisGeNET,35,Pancreatic Neoplasm,,-2.8,2.1,3.4,30337,764,380,20,5.3,1.1,240|864|886|1269|2022|2034|2817|4772|5154|5209|5293|5590|5595|5909|6382|7161|8291|8553|9314|79719,ALOX5|RUNX3|CCKAR|CNR2|ENG|EPAS1|GPC1|NFATC1|PDGFA|PFKFB3|PIK3CD|PRKCZ|MAPK3|RAP1GAP|SDC1|TP73|DYSF|BHLHE40|KLF4|AAGAB,-0.69,0
1,-2.8,C0007273,M1,1,0,DisGeNET,35,Carotid Artery Diseases,,-2.8,5.8,4.5,30337,69,380,5,1.3,0.58,240|1952|4035|9536|342977,ALOX5|CELSR2|LRP1|PTGES|NANOS3,-0.69,0
1,-2.7,C0018935,M1,1,0,DisGeNET,35,Hematocrit procedure,,-2.7,4,4,30337,138,380,7,1.8,0.69,1952|5581|10636|51422|63976|114818|161882,CELSR2|PRKCE|RGS14|PRKAG2|PRDM16|KLHL29|ZFPM1,-0.68,0
1,-2.7,C1961121,M1,1,0,DisGeNET,35,Congenital vascular anomaly,,-2.7,7.6,4.8,30337,42,380,4,1.1,0.52,2022|5133|5595|54345,ENG|PDCD1|MAPK3|SOX18,-0.67,0
1,-2.7,C0542514,M1,1,0,DisGeNET,35,Blue sclera,,-2.7,5.7,4.4,30337,70,380,5,1.3,0.58,1855|3339|4784|64359|84627,DVL1|HSPG2|NFIX|NXN|ZNF469,-0.67,0
1,-2.7,C1762616,M1,1,0,DisGeNET,35,"Meningioma, benign, no ICD-O subtype",,-2.7,2.6,3.6,30337,404,380,13,3.4,0.93,240|864|3200|5293|5595|5725|6649|7078|7161|7799|9314|23136|57007,ALOX5|RUNX3|HOXA3|PIK3CD|MAPK3|PTBP1|SOD3|TIMP3|TP73|PRDM2|KLF4|EPB41L3|ACKR3,-0.67,0
1,-2.7,C0006413,M1,1,0,DisGeNET,35,Burkitt Lymphoma,,-2.7,2.3,3.5,30337,556,380,16,4.2,1,240|639|1434|3559|3689|4773|5293|5395|5578|5595|6382|7161|9314|26053|83879|374569,ALOX5|PRDM1|CSE1L|IL2RA|ITGB2|NFATC2|PIK3CD|PMS2|PRKCA|MAPK3|SDC1|TP73|KLF4|AUTS2|CDCA7|ASPG,-0.67,0
1,-2.7,C0278877,M1,1,0,DisGeNET,35,Adult Meningioma,,-2.7,2.6,3.6,30337,405,380,13,3.4,0.93,240|864|3200|5293|5595|5725|6649|7078|7161|7799|9314|23136|57007,ALOX5|RUNX3|HOXA3|PIK3CD|MAPK3|PTBP1|SOD3|TIMP3|TP73|PRDM2|KLF4|EPB41L3|ACKR3,-0.66,0
1,-2.7,C4049272,M1,1,0,DisGeNET,35,Tumour budding,,-2.7,5.6,4.4,30337,71,380,5,1.3,0.58,1305|2956|5395|5595|406984,COL13A1|MSH6|PMS2|MAPK3|MIR200B,-0.66,0
1,-2.7,C0409974,M1,1,0,DisGeNET,35,Lupus Erythematosus,,-2.7,2.3,3.5,30337,558,380,16,4.2,1,639|1788|2314|2672|3339|3559|3665|3689|5133|5293|5578|6452|7078|9825|10603|83648,PRDM1|DNMT3A|FLII|GFI1|HSPG2|IL2RA|IRF7|ITGB2|PDCD1|PIK3CD|PRKCA|SH3BP2|TIMP3|SPATA2|SH2B2|FAM167A,-0.66,0
1,-2.7,C0018798,M1,1,0,DisGeNET,35,Congenital Heart Defects,,-2.7,2.6,3.6,30337,406,380,13,3.4,0.93,1003|1788|2395|3200|4772|5293|5595|6586|8291|8642|9314|65250|79719,CDH5|DNMT3A|FXN|HOXA3|NFATC1|PIK3CD|MAPK3|SLIT3|DYSF|DCHS1|KLF4|CPLANE1|AAGAB,-0.66,0
1,-2.7,C1854114,M1,1,0,DisGeNET,35,Short nose,,-2.7,3,3.7,30337,265,380,10,2.6,0.82,1855|2314|3090|4298|4774|4784|5048|5605|64359|83879,DVL1|FLII|HIC1|MLLT1|NFIA|NFIX|PAFAH1B1|MAP2K2|NXN|CDCA7,-0.66,0
1,-2.7,C1378703,M1,1,0,DisGeNET,35,Renal carcinoma,,-2.7,2.2,3.4,30337,665,380,18,4.7,1.1,240|864|1312|2034|3216|3559|3689|5133|5154|5293|5578|5595|5909|7078|7161|9314|57007|219699,ALOX5|RUNX3|COMT|EPAS1|HOXB6|IL2RA|ITGB2|PDCD1|PDGFA|PIK3CD|PRKCA|MAPK3|RAP1GAP|TIMP3|TP73|KLF4|ACKR3|UNC5B,-0.66,0
1,-2.7,C0220668,M1,1,0,DisGeNET,35,Congenital contractural arachnodactyly,,-2.7,2.3,3.5,30337,559,380,16,4.2,1,240|864|5048|5133|5154|5293|5595|7078|7161|7799|8140|9536|11332|57007|79661|406984,ALOX5|RUNX3|PAFAH1B1|PDCD1|PDGFA|PIK3CD|MAPK3|TIMP3|TP73|PRDM2|SLC7A5|PTGES|ACOT7|ACKR3|NEIL1|MIR200B,-0.66,0
1,-2.7,C0027831,M1,1,0,DisGeNET,35,Neurofibromatosis 1,,-2.7,2.8,3.6,30337,311,380,11,2.9,0.86,2034|2956|3216|4774|4782|4784|5293|5395|5595|6452|6595,EPAS1|MSH6|HOXB6|NFIA|NFIC|NFIX|PIK3CD|PMS2|MAPK3|SH3BP2|SMARCA2,-0.66,0
1,-2.7,C2936719,M1,1,0,DisGeNET,35,Mechanical Allodynia,,-2.7,2.5,3.5,30337,408,380,13,3.4,0.93,240|1269|1312|1523|3689|4155|5293|5578|5581|5590|5595|55620|57007,ALOX5|CNR2|COMT|CUX1|ITGB2|MBP|PIK3CD|PRKCA|PRKCE|PRKCZ|MAPK3|STAP2|ACKR3,-0.65,0
1,-2.7,C1314691,M1,1,0,DisGeNET,35,Age at menarche,,-2.7,3,3.7,30337,267,380,10,2.6,0.82,105|1759|2956|5799|7799|9228|23030|25862|101928784|101929378,ADARB2|DNM1|MSH6|PTPRN2|PRDM2|DLGAP2|KDM4B|USP49|RORA-AS1|LINC01876,-0.65,0
1,-2.7,C0202236,M1,1,0,DisGeNET,35,Triglycerides measurement,,-2.7,2.3,3.4,30337,563,380,16,4.2,1,1952|2022|2621|3559|3632|4035|4774|5799|7078|7171|8224|9228|23254|57666|80790|119391,CELSR2|ENG|GAS6|IL2RA|INPP5A|LRP1|NFIA|PTPRN2|TIMP3|TPM4|SYN3|DLGAP2|KAZN|FBRSL1|CMIP|GSTO2,-0.64,0
1,-2.7,C0021841,M1,1,0,DisGeNET,35,Intestinal Neoplasms,,-2.7,3.5,3.8,30337,182,380,8,2.1,0.74,2621|5293|5578|5590|5595|5605|9314|79805,GAS6|PIK3CD|PRKCA|PRKCZ|MAPK3|MAP2K2|KLF4|VASH2,-0.64,0
1,-2.7,C0265219,M1,1,0,DisGeNET,35,Miller Dieker syndrome,,-2.7,3.5,3.8,30337,182,380,8,2.1,0.74,1523|2672|3090|3559|5048|5909|10801|63976,CUX1|GFI1|HIC1|IL2RA|PAFAH1B1|RAP1GAP|SEPTIN9|PRDM16,-0.64,0
1,-2.7,C1956257,M1,1,0,DisGeNET,35,Pulmonary Stenosis,,-2.7,4.5,4.1,30337,106,380,6,1.6,0.64,1969|4053|5605|8642|9469|84627,EPHA2|LTBP2|MAP2K2|DCHS1|CHST3|ZNF469,-0.64,0
1,-2.7,C0238421,M1,1,0,DisGeNET,35,Selenium deficiency,,-2.7,7.3,4.7,30337,44,380,4,1.1,0.52,1312|5133|29933|130497,COMT|PDCD1|GPR132|OSR1,-0.64,0
1,-2.7,C0271737,M1,1,0,DisGeNET,35,Addison's disease due to autoimmunity,,-2.7,7.3,4.7,30337,44,380,4,1.1,0.52,3559|4772|5133|10603,IL2RA|NFATC1|PDCD1|SH2B2,-0.64,0
1,-2.7,C0149931,M1,1,0,DisGeNET,35,Migraine Disorders,,-2.7,2.3,3.4,30337,512,380,15,3.9,1,105|1312|2022|2956|3632|4035|4784|5293|5395|7434|23327|26960|51477|63976|65998,ADARB2|COMT|ENG|MSH6|INPP5A|LRP1|NFIX|PIK3CD|PMS2|VIPR2|NEDD4L|NBEA|ISYNA1|PRDM16|ZFTA,-0.64,0
1,-2.6,C0019294,M1,1,0,DisGeNET,35,"Hernia, Inguinal",,-2.6,3.2,3.7,30337,225,380,9,2.4,0.78,1312|1855|3339|3955|4774|5048|26053|64359|339983,COMT|DVL1|HSPG2|LFNG|NFIA|PAFAH1B1|AUTS2|NXN|NAT8L,-0.64,0
1,-2.6,C0205682,M1,1,0,DisGeNET,35,Waist-Hip Ratio,,-2.6,2.3,3.4,30337,565,380,16,4.2,1,1523|1609|4053|4330|5493|7326|9516|23051|57584|63976|79026|80790|114818|152877|445815|100996485,CUX1|DGKQ|LTBP2|MN1|PPL|UBE2G1|LITAF|ZHX3|ARHGAP21|PRDM16|AHNAK|CMIP|KLHL29|FAM53A|PALM2AKAP2|PITX1-AS1,-0.64,0
1,-2.6,C0037286,M1,1,0,DisGeNET,35,Skin Neoplasms,,-2.6,2.6,3.5,30337,363,380,12,3.2,0.9,864|1269|1969|2052|2956|3339|5771|6382|9314|9536|51477|57007,RUNX3|CNR2|EPHA2|EPHX1|MSH6|HSPG2|PTPN2|SDC1|KLF4|PTGES|ISYNA1|ACKR3,-0.64,0
1,-2.6,C0940937,M1,1,0,DisGeNET,35,precancerous lesions,,-2.6,3,3.6,30337,270,380,10,2.6,0.82,864|1788|2052|3090|3339|4053|5293|7161|10801|23136,RUNX3|DNMT3A|EPHX1|HIC1|HSPG2|LTBP2|PIK3CD|TP73|SEPTIN9|EPB41L3,-0.63,0
1,-2.6,C0271183,M1,1,0,DisGeNET,35,Severe myopia,,-2.6,3.5,3.8,30337,184,380,8,2.1,0.74,1298|2779|4053|6573|7078|7434|54453|84627,COL9A2|GNAT1|LTBP2|SLC19A1|TIMP3|VIPR2|RIN2|ZNF469,-0.63,0
1,-2.6,C0021364,M1,1,0,DisGeNET,35,Male infertility,,-2.6,2.3,3.4,30337,516,380,15,3.9,1,1312|1788|2621|3315|5293|5395|6573|6649|23369|55182|56262|64506|119587|285498|342977,COMT|DNMT3A|GAS6|HSPB1|PIK3CD|PMS2|SLC19A1|SOD3|PUM2|RNF220|LRRC8A|CPEB1|CPXM2|RNF212|NANOS3,-0.63,0
1,-2.6,C0007138,M1,1,0,DisGeNET,35,"Carcinoma, Transitional Cell",,-2.6,2.2,3.4,30337,622,380,17,4.5,1.1,1788|1969|2022|2956|4772|5133|5293|5395|5493|6382|8140|9536|11156|51477|55388|119391|153090,DNMT3A|EPHA2|ENG|MSH6|NFATC1|PDCD1|PIK3CD|PMS2|PPL|SDC1|SLC7A5|PTGES|PTP4A3|ISYNA1|MCM10|GSTO2|DAB2IP,-0.63,0
1,-2.6,C0740858,M1,1,0,DisGeNET,35,Substance abuse problem,,-2.6,3.5,3.8,30337,185,380,8,2.1,0.74,105|1269|1312|3983|5581|6886|7260|10160,ADARB2|CNR2|COMT|ABLIM1|PRKCE|TAL1|EIPR1|FARP1,-0.63,0
1,-2.6,C0023485,M1,1,0,DisGeNET,35,Precursor B-Cell Lymphoblastic Leukemia-Lymphoma,,-2.6,3.9,3.9,30337,145,380,7,1.8,0.69,1788|2022|3216|5293|7161|9314|119391,DNMT3A|ENG|HOXB6|PIK3CD|TP73|KLF4|GSTO2,-0.63,0
1,-2.6,C0221355,M1,1,0,DisGeNET,35,Macrocephaly,,-2.6,2.6,3.5,30337,366,380,12,3.2,0.9,1788|1855|3955|4774|4784|5293|5605|54453|64359|83879|84627|85358,DNMT3A|DVL1|LFNG|NFIA|NFIX|PIK3CD|MAP2K2|RIN2|NXN|CDCA7|ZNF469|SHANK3,-0.63,0
1,-2.6,C0848558,M1,1,0,DisGeNET,35,Hypospadias,,-2.6,2.6,3.5,30337,366,380,12,3.2,0.9,1312|1487|1855|3200|3216|3955|5293|8642|10815|23498|63976|83879,COMT|CTBP1|DVL1|HOXA3|HOXB6|LFNG|PIK3CD|DCHS1|CPLX1|HAAO|PRDM16|CDCA7,-0.63,0
1,-2.6,C0878500,M1,1,0,DisGeNET,35,Intraepithelial Neoplasia,,-2.6,3.4,3.7,30337,186,380,8,2.1,0.74,864|1999|3315|3339|5133|7161|8140|8553,RUNX3|ELF3|HSPB1|HSPG2|PDCD1|TP73|SLC7A5|BHLHE40,-0.62,0
1,-2.6,C0162285,M1,1,0,DisGeNET,35,Edema of eyelid,,-2.6,11,5.2,30337,22,380,3,0.79,0.45,54345|54453|85358,SOX18|RIN2|SHANK3,-0.62,0
1,-2.6,C4021985,M1,1,0,DisGeNET,35,Germ cell neoplasia,,-2.6,11,5.2,30337,22,380,3,0.79,0.45,2956|5395|51343,MSH6|PMS2|FZR1,-0.62,0
1,-2.6,C4288891,M1,1,0,DisGeNET,35,Infant T Acute Lymphoblastic Leukemia,,-2.6,5.3,4.2,30337,75,380,5,1.3,0.58,924|1788|5293|6886|63976,CD7|DNMT3A|PIK3CD|TAL1|PRDM16,-0.61,0
1,-2.6,C0221354,M1,1,0,DisGeNET,35,Frontal bossing,,-2.6,2.7,3.5,30337,321,380,11,2.9,0.86,1487|1855|2314|4784|5048|5605|9319|9469|63976|64359|65250,CTBP1|DVL1|FLII|NFIX|PAFAH1B1|MAP2K2|TRIP13|CHST3|PRDM16|NXN|CPLANE1,-0.61,0
1,-2.6,C0235752,M1,1,0,DisGeNET,35,Port-Wine Stain,,-2.6,6.9,4.5,30337,46,380,4,1.1,0.52,1855|4053|5293|64359,DVL1|LTBP2|PIK3CD|NXN,-0.6,0
1,-2.6,C0008313,M1,1,0,DisGeNET,35,"Cholangitis, Sclerosing",,-2.6,3.4,3.7,30337,188,380,8,2.1,0.74,639|1788|3559|3632|4772|5771|22904|64090,PRDM1|DNMT3A|IL2RA|INPP5A|NFATC1|PTPN2|SBNO2|GAL3ST2,-0.6,0
1,-2.6,C0024713,M1,1,0,DisGeNET,35,Manic Disorder,,-2.6,5.3,4.2,30337,76,380,5,1.3,0.58,1312|6196|8553|10815|84628,COMT|RPS6KA2|BHLHE40|CPLX1|NTNG2,-0.6,0
1,-2.6,C0020473,M1,1,0,DisGeNET,35,Hyperlipidemia,,-2.6,2.4,3.4,30337,472,380,14,3.7,0.97,240|1999|2621|3339|3689|4035|5293|5361|6382|23030|26119|79661|342977|376497,ALOX5|ELF3|GAS6|HSPG2|ITGB2|LRP1|PIK3CD|PLXNA1|SDC1|KDM4B|LDLRAP1|NEIL1|NANOS3|SLC27A1,-0.59,0
1,-2.6,C0001973,M1,1,0,DisGeNET,35,"Alcoholic Intoxication, Chronic",,-2.6,2.2,3.3,30337,577,380,16,4.2,1,115|886|1003|1269|1312|2052|3339|3983|4155|5293|6533|7799|9228|22997|23174|26053,ADCY9|CCKAR|CDH5|CNR2|COMT|EPHX1|HSPG2|ABLIM1|MBP|PIK3CD|SLC6A6|PRDM2|DLGAP2|IGSF9B|ZCCHC14|AUTS2,-0.59,0
1,-2.6,C1853237,M1,1,0,DisGeNET,35,Isolated cases,,-2.6,4.3,3.9,30337,111,380,6,1.6,0.64,1487|4774|4784|5048|10815|85358,CTBP1|NFIA|NFIX|PAFAH1B1|CPLX1|SHANK3,-0.59,0
1,-2.5,C0085652,M1,1,0,DisGeNET,35,Pyoderma Gangrenosum,,-2.5,6.8,4.5,30337,47,380,4,1.1,0.52,639|2672|7078|8224,PRDM1|GFI1|TIMP3|SYN3,-0.59,0
1,-2.5,C0158570,M1,1,0,DisGeNET,35,Vascular anomaly,,-2.5,6.8,4.5,30337,47,380,4,1.1,0.52,2022|2034|5293|9314,ENG|EPAS1|PIK3CD|KLF4,-0.59,0
1,-2.5,C3887875,M1,1,0,DisGeNET,35,Visual field defects,,-2.5,6.8,4.5,30337,47,380,4,1.1,0.52,2022|2395|2956|5395,ENG|FXN|MSH6|PMS2,-0.59,0
1,-2.5,C0003486,M1,1,0,DisGeNET,35,Aortic Aneurysm,,-2.5,2.9,3.5,30337,278,380,10,2.6,0.82,240|1003|1788|2548|7078|9314|9319|23327|54453|130497,ALOX5|CDH5|DNMT3A|GAA|TIMP3|KLF4|TRIP13|NEDD4L|RIN2|OSR1,-0.59,0
1,-2.5,C1654637,M1,1,0,DisGeNET,35,androgen independent prostate cancer,,-2.5,3.4,3.7,30337,190,380,8,2.1,0.74,240|5293|5578|5595|7161|56937|63976|406984,ALOX5|PIK3CD|PRKCA|MAPK3|TP73|PMEPA1|PRDM16|MIR200B,-0.59,0
1,-2.5,C0221357,M1,1,0,DisGeNET,35,Brachydactyly,,-2.5,2.7,3.5,30337,325,380,11,2.9,0.86,1855|2314|2817|4053|6595|9469|54453|63976|64359|65250|170691,DVL1|FLII|GPC1|LTBP2|SMARCA2|CHST3|RIN2|PRDM16|NXN|CPLANE1|ADAMTS17,-0.59,0
1,-2.5,C0024131,M1,1,0,DisGeNET,35,Lupus Vulgaris,,-2.5,2.3,3.3,30337,526,380,15,3.9,1,639|1788|2314|2672|3339|3559|3665|3689|5133|5578|6452|7078|9825|10603|83648,PRDM1|DNMT3A|FLII|GFI1|HSPG2|IL2RA|IRF7|ITGB2|PDCD1|PRKCA|SH3BP2|TIMP3|SPATA2|SH2B2|FAM167A,-0.59,0
1,-2.5,C0278764,M1,1,0,DisGeNET,35,Adult Burkitt Lymphoma,,-2.5,2.4,3.3,30337,475,380,14,3.7,0.97,240|639|1434|3559|3689|4773|5293|5578|5595|6382|7161|9314|83879|374569,ALOX5|PRDM1|CSE1L|IL2RA|ITGB2|NFATC2|PIK3CD|PRKCA|MAPK3|SDC1|TP73|KLF4|CDCA7|ASPG,-0.59,0
1,-2.5,C0019284,M1,1,0,DisGeNET,35,Diaphragmatic Hernia,,-2.5,5.1,4.1,30337,78,380,5,1.3,0.58,3142|3202|4035|6586|406984,HLX|HOXA5|LRP1|SLIT3|MIR200B,-0.57,0
1,-2.5,C0278879,M1,1,0,DisGeNET,35,Childhood Burkitt Lymphoma,,-2.5,2.3,3.3,30337,477,380,14,3.7,0.97,240|639|1434|3559|3689|4773|5293|5578|5595|6382|7161|9314|83879|374569,ALOX5|PRDM1|CSE1L|IL2RA|ITGB2|NFATC2|PIK3CD|PRKCA|MAPK3|SDC1|TP73|KLF4|CDCA7|ASPG,-0.57,0
1,-2.5,C0038273,M1,1,0,DisGeNET,35,Stereotypic Movement Disorder,,-2.5,3.3,3.6,30337,192,380,8,2.1,0.74,1487|1759|2314|9524|10815|23352|63976|339983,CTBP1|DNM1|FLII|TECR|CPLX1|UBR4|PRDM16|NAT8L,-0.57,0
1,-2.5,C0035288,M1,1,0,DisGeNET,35,"Reticuloendotheliosis, X-linked",,-2.5,6.7,4.4,30337,48,380,4,1.1,0.52,864|1523|2034|2956,RUNX3|CUX1|EPAS1|MSH6,-0.57,0
1,-2.5,C1292769,M1,1,0,DisGeNET,35,Precursor B-cell lymphoblastic leukemia,,-2.5,2.3,3.3,30337,478,380,14,3.7,0.97,240|1788|3216|3559|3689|5293|6573|7161|9314|11156|26053|51343|119391|374569,ALOX5|DNMT3A|HOXB6|IL2RA|ITGB2|PIK3CD|SLC19A1|TP73|KLF4|PTP4A3|AUTS2|FZR1|GSTO2|ASPG,-0.57,0
1,-2.5,C0030186,M1,1,0,DisGeNET,35,Paget Disease Extramammary,,-2.5,5.1,4.1,30337,79,380,5,1.3,0.58,5293|5595|7161|9516|57007,PIK3CD|MAPK3|TP73|LITAF|ACKR3,-0.56,0
1,-2.5,C0241240,M1,1,0,DisGeNET,35,Tall stature,,-2.5,5.1,4.1,30337,79,380,5,1.3,0.58,1788|4784|5048|5395|85358,DNMT3A|NFIX|PAFAH1B1|PMS2|SHANK3,-0.56,0
1,-2.5,C0016667,M1,1,0,DisGeNET,35,Fragile X Syndrome,,-2.5,3.3,3.6,30337,194,380,8,2.1,0.74,2395|3339|5293|5595|5725|22883|26960|64506,FXN|HSPG2|PIK3CD|MAPK3|PTBP1|CLSTN1|NBEA|CPEB1,-0.56,0
1,-2.5,C0598935,M1,1,0,DisGeNET,35,Tumor Initiation,,-2.5,2.2,3.3,30337,533,380,15,3.9,1,864|1523|1969|2314|3202|3315|5133|5293|5578|5595|6382|9314|9825|57007|57585,RUNX3|CUX1|EPHA2|FLII|HOXA5|HSPB1|PDCD1|PIK3CD|PRKCA|MAPK3|SDC1|KLF4|SPATA2|ACKR3|CRAMP1,-0.56,0
1,-2.5,C2936783,M1,1,0,DisGeNET,35,"Colorectal cancer, hereditary nonpolyposis, type 1",,-2.5,10,5,30337,24,380,3,0.79,0.45,2052|2956|5395,EPHX1|MSH6|PMS2,-0.56,0
1,-2.5,C4054546,M1,1,0,DisGeNET,35,Melanocortin 4 Receptor Deficiency,,-2.5,10,5,30337,24,380,3,0.79,0.45,5395|26053|54965,PMS2|AUTS2|PIGX,-0.56,0
1,-2.5,C0149630,M1,1,0,DisGeNET,35,Bicuspid aortic valve,,-2.5,3.7,3.7,30337,153,380,7,1.8,0.69,2022|5595|6649|7078|9469|54961|64359,ENG|MAPK3|SOD3|TIMP3|CHST3|SSH3|NXN,-0.56,0
1,-2.5,C4552000,M1,1,0,DisGeNET,35,Episodic Kinesigenic Dyskinesia 1,,-2.5,3.7,3.7,30337,153,380,7,1.8,0.69,1312|1523|5293|5578|5595|6886|54897,COMT|CUX1|PIK3CD|PRKCA|MAPK3|TAL1|CASZ1,-0.56,0
1,-2.5,C0041696,M1,1,0,DisGeNET,35,Unipolar Depression,,-2.5,2.1,3.2,30337,641,380,17,4.5,1.1,886|1269|1312|1434|1523|3559|3665|4035|5209|5595|6586|6886|8553|23051|202333|339983|342977,CCKAR|CNR2|COMT|CSE1L|CUX1|IL2RA|IRF7|LRP1|PFKFB3|MAPK3|SLIT3|TAL1|BHLHE40|ZHX3|CMYA5|NAT8L|NANOS3,-0.56,0
1,-2.5,C2349952,M1,1,0,DisGeNET,35,Oropharyngeal Carcinoma,,-2.5,4.2,3.8,30337,115,380,6,1.6,0.64,2052|5133|5293|7161|23136|406984,EPHX1|PDCD1|PIK3CD|TP73|EPB41L3|MIR200B,-0.55,0
1,-2.5,C0341858,M1,1,0,DisGeNET,35,Endometriosis of uterus,,-2.5,3.6,3.7,30337,154,380,7,1.8,0.69,240|1269|1312|1523|1788|5293|5595,ALOX5|CNR2|COMT|CUX1|DNMT3A|PIK3CD|MAPK3,-0.55,0
1,-2.5,C1333064,M1,1,0,DisGeNET,35,Classical Hodgkin's Lymphoma,,-2.5,2.8,3.4,30337,285,380,10,2.6,0.82,639|3315|5133|5293|6382|7078|9314|9825|10801|51477,PRDM1|HSPB1|PDCD1|PIK3CD|SDC1|TIMP3|KLF4|SPATA2|SEPTIN9|ISYNA1,-0.55,0
1,-2.5,C0011884,M1,1,0,DisGeNET,35,Diabetic Retinopathy,,-2.5,2.1,3.2,30337,644,380,17,4.5,1.1,1003|2022|2779|3315|4035|5293|5578|5590|5595|6382|6649|7078|51477|55620|58504|63976|406984,CDH5|ENG|GNAT1|HSPB1|LRP1|PIK3CD|PRKCA|PRKCZ|MAPK3|SDC1|SOD3|TIMP3|ISYNA1|STAP2|ARHGAP22|PRDM16|MIR200B,-0.55,0
1,-2.5,C1961099,M1,1,0,DisGeNET,35,Precursor T-Cell Lymphoblastic Leukemia-Lymphoma,,-2.5,2.1,3.2,30337,644,380,17,4.5,1.1,924|1788|3187|4298|5133|5293|5578|5771|6886|7022|8140|9314|9536|26053|63976|374569|406984,CD7|DNMT3A|HNRNPH1|MLLT1|PDCD1|PIK3CD|PRKCA|PTPN2|TAL1|TFAP2C|SLC7A5|KLF4|PTGES|AUTS2|PRDM16|ASPG|MIR200B,-0.55,0
1,-2.5,C0339573,M1,1,0,DisGeNET,35,"Glaucoma, Primary Open Angle",,-2.5,2.5,3.3,30337,382,380,12,3.2,0.9,1003|1523|3315|3559|4053|4155|7078|9963|11332|51343|84627|170691,CDH5|CUX1|HSPB1|IL2RA|LTBP2|MBP|TIMP3|SLC23A1|ACOT7|FZR1|ZNF469|ADAMTS17,-0.55,0
1,-2.5,C1527349,M1,1,0,DisGeNET,35,Ductal Breast Carcinoma,,-2.5,3.3,3.6,30337,196,380,8,2.1,0.74,864|1434|2956|5590|6382|7078|146664|170691,RUNX3|CSE1L|MSH6|PRKCZ|SDC1|TIMP3|MGAT5B|ADAMTS17,-0.55,0
1,-2.5,C0153349,M1,1,0,DisGeNET,35,Malignant neoplasm of tongue,,-2.5,3.6,3.7,30337,155,380,7,1.8,0.69,864|2314|3315|5293|7465|57153|406984,RUNX3|FLII|HSPB1|PIK3CD|WEE1|SLC44A2|MIR200B,-0.54,0
1,-2.5,C1842364,M1,1,0,DisGeNET,35,Central hypotonia,,-2.5,6.4,4.3,30337,50,380,4,1.1,0.52,1305|4330|9922|84628,COL13A1|MN1|IQSEC1|NTNG2,-0.54,0
1,-2.4,C0040034,M1,1,0,DisGeNET,35,Thrombocytopenia,,-2.4,2.2,3.2,30337,592,380,16,4.2,1,240|1312|1999|2314|2621|3339|3559|3665|3689|5133|5293|10603|22821|57418|161882|374569,ALOX5|COMT|ELF3|FLII|GAS6|HSPG2|IL2RA|IRF7|ITGB2|PDCD1|PIK3CD|SH2B2|RASA3|WDR18|ZFPM1|ASPG,-0.54,0
1,-2.4,C0018817,M1,1,0,DisGeNET,35,Atrial Septal Defects,,-2.4,2.5,3.3,30337,384,380,12,3.2,0.9,1312|1788|3339|4784|5595|5605|9319|23498|26053|64359|85358|130497,COMT|DNMT3A|HSPG2|NFIX|MAPK3|MAP2K2|TRIP13|HAAO|AUTS2|NXN|SHANK3|OSR1,-0.53,0
1,-2.4,C0029925,M1,1,0,DisGeNET,35,Ovarian Carcinoma,,-2.4,2.2,3.2,30337,539,380,15,3.9,1,240|864|1969|2956|3315|3559|5133|5293|5395|5578|5595|7799|8140|26147|406984,ALOX5|RUNX3|EPHA2|MSH6|HSPB1|IL2RA|PDCD1|PIK3CD|PMS2|PRKCA|MAPK3|PRDM2|SLC7A5|PHF19|MIR200B,-0.53,0
1,-2.4,C0008479,M1,1,0,DisGeNET,35,Chondrosarcoma,,-2.4,2.5,3.3,30337,385,380,12,3.2,0.9,864|2022|2034|3339|4773|5133|5154|5293|5595|7078|7161|10603,RUNX3|ENG|EPAS1|HSPG2|NFATC2|PDCD1|PDGFA|PIK3CD|MAPK3|TIMP3|TP73|SH2B2,-0.53,0
1,-2.4,C0036220,M1,1,0,DisGeNET,35,Kaposi Sarcoma,,-2.4,2.3,3.2,30337,488,380,14,3.7,0.97,864|1269|1969|2034|3625|3665|4035|4773|5133|5154|5293|5725|6382|57007,RUNX3|CNR2|EPHA2|EPAS1|INHBB|IRF7|LRP1|NFATC2|PDCD1|PDGFA|PIK3CD|PTBP1|SDC1|ACKR3,-0.52,0
1,-2.4,C0239234,M1,1,0,DisGeNET,35,Low set ears,,-2.4,2.3,3.2,30337,489,380,14,3.7,0.97,1305|1312|1855|3339|4774|4784|5048|9469|10801|26053|56262|64359|65250|83879,COL13A1|COMT|DVL1|HSPG2|NFIA|NFIX|PAFAH1B1|CHST3|SEPTIN9|AUTS2|LRRC8A|NXN|CPLANE1|CDCA7,-0.52,0
1,-2.4,C0271650,M1,1,0,DisGeNET,35,Impaired glucose tolerance,,-2.4,2.1,3.2,30337,596,380,16,4.2,1,1312|1788|2034|2395|2621|5293|5578|5590|5595|5799|7071|11332|54897|79661|284207|376497,COMT|DNMT3A|EPAS1|FXN|GAS6|PIK3CD|PRKCA|PRKCZ|MAPK3|PTPRN2|KLF10|ACOT7|CASZ1|NEIL1|METRNL|SLC27A1,-0.51,0
1,-2.4,C3714514,M1,1,0,DisGeNET,35,Infection,,-2.4,2.3,3.2,30337,491,380,14,3.7,0.97,240|864|1487|2022|3315|3559|3665|3689|5133|5578|5581|5595|5725|7161,ALOX5|RUNX3|CTBP1|ENG|HSPB1|IL2RA|IRF7|ITGB2|PDCD1|PRKCA|PRKCE|MAPK3|PTBP1|TP73,-0.5,0
1,-2.4,C0018777,M1,1,0,DisGeNET,35,Conductive hearing loss,,-2.4,2.7,3.4,30337,291,380,10,2.6,0.82,1312|2314|3339|4784|8642|10804|63976|65250|83879|84627,COMT|FLII|HSPG2|NFIX|DCHS1|GJB6|PRDM16|CPLANE1|CDCA7|ZNF469,-0.5,0
1,-2.4,C0564567,M1,1,0,DisGeNET,35,Impulsive character (finding),,-2.4,6.1,4.2,30337,52,380,4,1.1,0.52,1312|6886|54453|130497,COMT|TAL1|RIN2|OSR1,-0.49,0
1,-2.4,C0423110,M1,1,0,DisGeNET,35,Downward slant of palpebral fissure,,-2.4,2.5,3.3,30337,391,380,12,3.2,0.9,1312|1759|1855|4784|5048|5605|6595|9319|9469|26053|54453|64359,COMT|DNM1|DVL1|NFIX|PAFAH1B1|MAP2K2|SMARCA2|TRIP13|CHST3|AUTS2|RIN2|NXN,-0.49,0
1,-2.4,C1857108,M1,1,0,DisGeNET,35,Limitation of joint mobility,,-2.4,4.8,3.9,30337,84,380,5,1.3,0.58,1298|3559|4053|5771|26960,COL9A2|IL2RA|LTBP2|PTPN2|NBEA,-0.49,0
1,-2.4,C0020445,M1,1,0,DisGeNET,35,"Hypercholesterolemia, Familial",,-2.4,3.1,3.5,30337,203,380,8,2.1,0.74,240|1298|1523|1952|3339|3689|4035|26119,ALOX5|COL9A2|CUX1|CELSR2|HSPG2|ITGB2|LRP1|LDLRAP1,-0.48,0
1,-2.4,C0278721,M1,1,0,DisGeNET,35,Adult Lymphoblastic Lymphoma,,-2.4,4.7,3.8,30337,85,380,5,1.3,0.58,4773|6573|6886|8140|374569,NFATC2|SLC19A1|TAL1|SLC7A5|ASPG,-0.47,0
1,-2.4,C0279525,M1,1,0,DisGeNET,35,Childhood Lymphoblastic Lymphoma,,-2.4,4.7,3.8,30337,85,380,5,1.3,0.58,4773|6573|6886|8140|374569,NFATC2|SLC19A1|TAL1|SLC7A5|ASPG,-0.47,0
1,-2.4,C0038379,M1,1,0,DisGeNET,35,Strabismus,,-2.4,2,3.1,30337,716,380,18,4.7,1.1,1312|1487|1855|2314|2779|3339|4784|5605|10804|10815|23327|23499|26053|63976|64359|65250|83879|85358,COMT|CTBP1|DVL1|FLII|GNAT1|HSPG2|NFIX|MAP2K2|GJB6|CPLX1|NEDD4L|MACF1|AUTS2|PRDM16|NXN|CPLANE1|CDCA7|SHANK3,-0.47,0
1,-2.4,C0333983,M1,1,0,DisGeNET,35,Hyperplastic Polyp,,-2.4,3.1,3.4,30337,204,380,8,2.1,0.74,864|2052|2956|3090|5133|5293|9314|10801,RUNX3|EPHX1|MSH6|HIC1|PDCD1|PIK3CD|KLF4|SEPTIN9,-0.47,0
1,-2.4,C4725091,M1,1,0,DisGeNET,35,metastatic intraocular melanoma,,-2.4,6,4.1,30337,53,380,4,1.1,0.52,5133|5293|5578|7465,PDCD1|PIK3CD|PRKCA|WEE1,-0.47,0
1,-2.4,C0017168,M1,1,0,DisGeNET,35,Gastroesophageal reflux disease,,-2.4,2.3,3.2,30337,446,380,13,3.4,0.93,1305|1312|1487|1759|2314|3315|5605|6886|10815|23327|63976|85358|170691,COL13A1|COMT|CTBP1|DNM1|FLII|HSPB1|MAP2K2|TAL1|CPLX1|NEDD4L|PRDM16|SHANK3|ADAMTS17,-0.46,0
1,-2.4,C0024138,M1,1,0,DisGeNET,35,"Lupus Erythematosus, Discoid",,-2.4,2.2,3.1,30337,552,380,15,3.9,1,639|1788|2314|2672|3339|3559|3665|3689|5133|5578|6452|7078|9825|10603|83648,PRDM1|DNMT3A|FLII|GFI1|HSPG2|IL2RA|IRF7|ITGB2|PDCD1|PRKCA|SH3BP2|TIMP3|SPATA2|SH2B2|FAM167A,-0.46,0
1,-2.3,C0029121,M1,1,0,DisGeNET,35,Oppositional Defiant Disorder,,-2.3,8.9,4.6,30337,27,380,3,0.79,0.45,1312|6886|130497,COMT|TAL1|OSR1,-0.46,0
1,-2.3,C1855728,M1,1,0,DisGeNET,35,Low posterior hairline,,-2.3,4.6,3.8,30337,86,380,5,1.3,0.58,1487|4784|5605|9469|10815,CTBP1|NFIX|MAP2K2|CHST3|CPLX1,-0.46,0
1,-2.3,C0740457,M1,1,0,DisGeNET,35,Malignant neoplasm of kidney,,-2.3,2,3.1,30337,664,380,17,4.5,1.1,240|864|1312|2034|2621|3559|3689|5133|5293|5578|5595|5909|7078|7161|9314|9825|57007,ALOX5|RUNX3|COMT|EPAS1|GAS6|IL2RA|ITGB2|PDCD1|PIK3CD|PRKCA|MAPK3|RAP1GAP|TIMP3|TP73|KLF4|SPATA2|ACKR3,-0.45,0
1,-2.3,C0028860,M1,1,0,DisGeNET,35,Oculocerebrorenal Syndrome,,-2.3,5.9,4.1,30337,54,380,4,1.1,0.52,3632|5048|5725|150368,INPP5A|PAFAH1B1|PTBP1|PHETA2,-0.45,0
1,-2.3,C0751291,M1,1,0,DisGeNET,35,Desmoplastic Medulloblastoma,,-2.3,5.9,4.1,30337,54,380,4,1.1,0.52,2956|3090|8019|23030,MSH6|HIC1|BRD3|KDM4B,-0.45,0
1,-2.3,C4551915,M1,1,0,DisGeNET,35,"Gait Disturbance, CTCAE",,-2.3,2.7,3.3,30337,299,380,10,2.6,0.82,1298|2314|2956|3339|5395|9394|63976|65250|65998|84627,COL9A2|FLII|MSH6|HSPG2|PMS2|HS6ST1|PRDM16|CPLANE1|ZFTA|ZNF469,-0.45,0
1,-2.3,C0020295,M1,1,0,DisGeNET,35,Hydronephrosis,,-2.3,2.9,3.3,30337,252,380,9,2.4,0.78,1855|4774|5605|9536|23174|63976|64359|85358|130497,DVL1|NFIA|MAP2K2|PTGES|ZCCHC14|PRDM16|NXN|SHANK3|OSR1,-0.45,0
1,-2.3,C0018671,M1,1,0,DisGeNET,35,Head and Neck Neoplasms,,-2.3,3.9,3.6,30337,124,380,6,1.6,0.64,2034|2049|3559|5595|8519|10804,EPAS1|EPHB3|IL2RA|MAPK3|IFITM1|GJB6,-0.44,0
1,-2.3,C0021053,M1,1,0,DisGeNET,35,Immune System Diseases,,-2.3,2.3,3.1,30337,451,380,13,3.4,0.93,240|1269|2314|3559|3689|5133|5293|5771|6382|9314|9825|26147|54897,ALOX5|CNR2|FLII|IL2RA|ITGB2|PDCD1|PIK3CD|PTPN2|SDC1|KLF4|SPATA2|PHF19|CASZ1,-0.44,0
1,-2.3,C0010417,M1,1,0,DisGeNET,35,Cryptorchidism,,-2.3,2,3,30337,725,380,18,4.7,1.1,1312|1487|1788|1855|3339|3955|5605|6595|9394|10804|10815|23327|26053|54453|57007|63976|64359|83879,COMT|CTBP1|DNMT3A|DVL1|HSPG2|LFNG|MAP2K2|SMARCA2|HS6ST1|GJB6|CPLX1|NEDD4L|AUTS2|RIN2|ACKR3|PRDM16|NXN|CDCA7,-0.44,0
1,-2.3,C0869220,M1,1,0,DisGeNET,35,"Adverse effects, not elsewhere classified",,-2.3,5.8,4,30337,55,380,4,1.1,0.52,105|864|1305|5048,ADARB2|RUNX3|COL13A1|PAFAH1B1,-0.44,0
1,-2.3,C4284413,M1,1,0,DisGeNET,35,Severe Fever with Thrombocytopenia Syndrome,,-2.3,5.8,4,30337,55,380,4,1.1,0.52,3559|3665|5133|51477,IL2RA|IRF7|PDCD1|ISYNA1,-0.44,0
1,-2.3,C0079748,M1,1,0,DisGeNET,35,Precursor cell lymphoblastic lymphoma,,-2.3,4.5,3.7,30337,88,380,5,1.3,0.58,4773|6573|6886|8140|374569,NFATC2|SLC19A1|TAL1|SLC7A5|ASPG,-0.43,0
1,-2.3,C4288754,M1,1,0,DisGeNET,35,Metastatic urothelial carcinoma,,-2.3,8.6,4.5,30337,28,380,3,0.79,0.45,3315|5133|57418,HSPB1|PDCD1|WDR18,-0.43,0
1,-2.3,C0007114,M1,1,0,DisGeNET,35,Malignant neoplasm of skin,,-2.3,2.2,3.1,30337,507,380,14,3.7,0.97,864|2052|3559|3632|5133|5293|5395|5578|5771|6382|6595|9314|57007|147138,RUNX3|EPHX1|IL2RA|INPP5A|PDCD1|PIK3CD|PMS2|PRKCA|PTPN2|SDC1|SMARCA2|KLF4|ACKR3|TMC8,-0.43,0
1,-2.3,C0020541,M1,1,0,DisGeNET,35,Portal Hypertension,,-2.3,3.3,3.4,30337,167,380,7,1.8,0.69,240|2022|10603|51477|64506|84627|342977,ALOX5|ENG|SH2B2|ISYNA1|CPEB1|ZNF469|NANOS3,-0.42,0
1,-2.3,C0272138,M1,1,0,DisGeNET,35,Erythroblastosis,,-2.3,4.5,3.7,30337,89,380,5,1.3,0.58,1999|3559|5133|5595|5605,ELF3|IL2RA|PDCD1|MAPK3|MAP2K2,-0.42,0
1,-2.3,C0595989,M1,1,0,DisGeNET,35,Carcinoma of larynx,,-2.3,2.3,3.1,30337,456,380,13,3.4,0.93,864|1523|2022|2034|2052|2956|3559|5293|5595|7078|7465|8140|57007,RUNX3|CUX1|ENG|EPAS1|EPHX1|MSH6|IL2RA|PIK3CD|MAPK3|TIMP3|WEE1|SLC7A5|ACKR3,-0.42,0
1,-2.3,C1136033,M1,1,0,DisGeNET,35,Cutaneous Mastocytosis,,-2.3,3.8,3.5,30337,127,380,6,1.6,0.64,1523|3559|3689|5133|9825|83648,CUX1|IL2RA|ITGB2|PDCD1|SPATA2|FAM167A,-0.42,0
1,-2.3,C0022821,M1,1,0,DisGeNET,35,Kyphosis deformity of spine,,-2.3,2.6,3.2,30337,305,380,10,2.6,0.82,1487|1969|3339|3955|8291|10815|26053|63976|64359|79058,CTBP1|EPHA2|HSPG2|LFNG|DYSF|CPLX1|AUTS2|PRDM16|NXN|ASPSCR1,-0.42,0
1,-2.3,C2674608,M1,1,0,DisGeNET,35,Feeding difficulties in infancy,,-2.3,2.6,3.2,30337,305,380,10,2.6,0.82,435|1312|2314|3339|4784|5605|6452|26053|63976|65250,ASL|COMT|FLII|HSPG2|NFIX|MAP2K2|SH3BP2|AUTS2|PRDM16|CPLANE1,-0.42,0
1,-2.3,C0004936,M1,1,0,DisGeNET,35,Mental disorders,,-2.3,1.9,3,30337,789,380,19,5,1.1,886|1269|1312|3339|4035|4155|5578|6886|9612|10458|11332|23327|51477|54453|57007|79778|85358|130497|494470,CCKAR|CNR2|COMT|HSPG2|LRP1|MBP|PRKCA|TAL1|NCOR2|BAIAP2|ACOT7|NEDD4L|ISYNA1|RIN2|ACKR3|MICALL2|SHANK3|OSR1|ARK2C,-0.41,0
1,-2.3,C0035412,M1,1,0,DisGeNET,35,Rhabdomyosarcoma,,-2.3,2.1,3,30337,565,380,15,3.9,1,2022|2956|3090|3187|3216|5293|5395|5595|5725|6196|7161|7465|9319|57007|90427,ENG|MSH6|HIC1|HNRNPH1|HOXB6|PIK3CD|PMS2|MAPK3|PTBP1|RPS6KA2|TP73|WEE1|TRIP13|ACKR3|BMF,-0.41,0
1,-2.3,C0008073,M1,1,0,DisGeNET,35,Developmental Disabilities,,-2.3,2.5,3.1,30337,355,380,11,2.9,0.86,1788|3090|5293|5361|5595|5605|10804|55684|57007|85358|119587,DNMT3A|HIC1|PIK3CD|PLXNA1|MAPK3|MAP2K2|GJB6|RABL6|ACKR3|SHANK3|CPXM2,-0.41,0
1,-2.3,C1275126,M1,1,0,DisGeNET,35,TNF receptor-associated periodic fever syndrome (TRAPS),,-2.3,4.4,3.7,30337,90,380,5,1.3,0.58,1523|3665|5293|5578|164045,CUX1|IRF7|PIK3CD|PRKCA|HFM1,-0.41,0
1,-2.3,C0302314,M1,1,0,DisGeNET,35,Xanthoma,,-2.3,8.3,4.4,30337,29,380,3,0.79,0.45,240|2817|26119,ALOX5|GPC1|LDLRAP1,-0.41,0
1,-2.3,C0744869,M1,1,0,DisGeNET,35,Metastatic hepatocellular carcinoma,,-2.3,8.3,4.4,30337,29,380,3,0.79,0.45,3315|6382|84875,HSPB1|SDC1|PARP10,-0.41,0
1,-2.3,C0024636,M1,1,0,DisGeNET,35,Malocclusion,,-2.3,3.7,3.5,30337,128,380,6,1.6,0.64,1855|3339|3559|5771|8642|85358,DVL1|HSPG2|IL2RA|PTPN2|DCHS1|SHANK3,-0.41,0
1,-2.3,C0236969,M1,1,0,DisGeNET,35,Substance-Related Disorders,,-2.3,3.7,3.5,30337,128,380,6,1.6,0.64,105|3983|5581|7260|10160|130497,ADARB2|ABLIM1|PRKCE|EIPR1|FARP1|OSR1,-0.41,0
1,-2.2,C1840077,M1,1,0,DisGeNET,35,Anteverted nostril,,-2.2,2.4,3.1,30337,407,380,12,3.2,0.9,1855|2314|3090|3955|4774|4784|5048|5605|6595|26053|64359|65250,DVL1|FLII|HIC1|LFNG|NFIA|NFIX|PAFAH1B1|MAP2K2|SMARCA2|AUTS2|NXN|CPLANE1,-0.41,0
1,-2.2,C0023269,M1,1,0,DisGeNET,35,leiomyosarcoma,,-2.2,3,3.3,30337,213,380,8,2.1,0.74,1677|2621|5293|7161|7434|8519|9314|23180,DFFB|GAS6|PIK3CD|TP73|VIPR2|IFITM1|KLF4|RFTN1,-0.41,0
1,-2.2,C1332225,M1,1,0,DisGeNET,35,Aggressive Non-Hodgkin Lymphoma,,-2.2,5.6,3.9,30337,57,380,4,1.1,0.52,639|5023|5133|201191,PRDM1|P2RX1|PDCD1|SAMD14,-0.41,0
1,-2.2,C0740447,M1,1,0,DisGeNET,35,Diabetic peripheral neuropathy,,-2.2,3.7,3.5,30337,129,380,6,1.6,0.64,3315|3339|4035|5293|5595|55620,HSPB1|HSPG2|LRP1|PIK3CD|MAPK3|STAP2,-0.4,0
1,-2.2,C2945695,M1,1,0,DisGeNET,35,Limb ischemia,,-2.2,3.3,3.3,30337,171,380,7,1.8,0.69,1523|2034|3689|5293|5595|11332|57007,CUX1|EPAS1|ITGB2|PIK3CD|MAPK3|ACOT7|ACKR3,-0.39,0
1,-2.2,C1112157,M1,1,0,DisGeNET,35,Intrauterine infection,,-2.2,8,4.3,30337,30,380,3,0.79,0.45,240|4035|5133,ALOX5|LRP1|PDCD1,-0.38,0
1,-2.2,C2678061,M1,1,0,DisGeNET,35,"SCAPULOPERONEAL MYOPATHY, X-LINKED DOMINANT",,-2.2,8,4.3,30337,30,380,3,0.79,0.45,240|1523|7161,ALOX5|CUX1|TP73,-0.38,0
1,-2.2,C4509816,M1,1,0,DisGeNET,35,Squamous non-small cell lung cancer,,-2.2,8,4.3,30337,30,380,3,0.79,0.45,3315|5133|5293,HSPB1|PDCD1|PIK3CD,-0.38,0
1,-2.2,C0007766,M1,1,0,DisGeNET,35,Intracranial Aneurysm,,-2.2,2.6,3.1,30337,311,380,10,2.6,0.82,1003|2022|3339|5293|6573|7078|7799|9922|148641|100861552,CDH5|ENG|HSPG2|PIK3CD|SLC19A1|TIMP3|PRDM2|IQSEC1|SLC35F3|LINC00558,-0.38,0
1,-2.2,C0278488,M1,1,0,DisGeNET,35,Carcinoma breast stage IV,,-2.2,2.1,3,30337,573,380,15,3.9,1,1003|1487|2022|2034|3315|4773|5133|5209|5293|5578|7078|11332|26119|90427|406984,CDH5|CTBP1|ENG|EPAS1|HSPB1|NFATC2|PDCD1|PFKFB3|PIK3CD|PRKCA|TIMP3|ACOT7|LDLRAP1|BMF|MIR200B,-0.38,0
1,-2.2,C0032019,M1,1,0,DisGeNET,35,Pituitary Neoplasms,,-2.2,3.7,3.4,30337,131,380,6,1.6,0.64,2956|3689|5293|6886|7071|7078,MSH6|ITGB2|PIK3CD|TAL1|KLF10|TIMP3,-0.38,0
1,-2.2,C0575081,M1,1,0,DisGeNET,35,Gait abnormality,,-2.2,2.6,3.1,30337,312,380,10,2.6,0.82,1298|2314|2956|3339|5395|9394|63976|65250|65998|84627,COL9A2|FLII|MSH6|HSPG2|PMS2|HS6ST1|PRDM16|CPLANE1|ZFTA|ZNF469,-0.38,0
1,-2.2,C0032181,M1,1,0,DisGeNET,35,Platelet Count measurement,,-2.2,2.7,3.2,30337,265,380,9,2.4,0.78,3090|4330|7171|8019|26119|57153|80305|161882|219654,HIC1|MN1|TPM4|BRD3|LDLRAP1|SLC44A2|TRABD|ZFPM1|ZCCHC24,-0.37,0
1,-2.2,C1333990,M1,1,0,DisGeNET,35,Hereditary Nonpolyposis Colorectal Cancer,,-2.2,3.2,3.3,30337,174,380,7,1.8,0.69,1312|2022|2052|2956|5133|5293|5395,COMT|ENG|EPHX1|MSH6|PDCD1|PIK3CD|PMS2,-0.37,0
1,-2.2,C0026266,M1,1,0,DisGeNET,35,Mitral Valve Insufficiency,,-2.2,4.2,3.6,30337,94,380,5,1.3,0.58,1788|4053|8642|9469|26119,DNMT3A|LTBP2|DCHS1|CHST3|LDLRAP1,-0.36,0
1,-2.2,C0026848,M1,1,0,DisGeNET,35,Myopathy,,-2.2,2,2.9,30337,633,380,16,4.2,1,1298|2395|2548|3315|3339|5133|5578|5590|5725|7071|8291|9745|23353|51422|63976|84808,COL9A2|FXN|GAA|HSPB1|HSPG2|PDCD1|PRKCA|PRKCZ|PTBP1|KLF10|DYSF|ZNF536|SUN1|PRKAG2|PRDM16|PERM1,-0.36,0
1,-2.2,C4551683,M1,1,0,DisGeNET,35,Adrenal Gland Pheochromocytoma,,-2.2,2.3,3,30337,416,380,12,3.2,0.9,1312|2034|3090|5293|5595|7078|7434|7799|9902|10160|10603|57007,COMT|EPAS1|HIC1|PIK3CD|MAPK3|TIMP3|VIPR2|PRDM2|MRC2|FARP1|SH2B2|ACKR3,-0.36,0
1,-2.2,C0013473,M1,1,0,DisGeNET,35,Eating Disorders,,-2.2,3.6,3.4,30337,133,380,6,1.6,0.64,886|1269|1312|1523|6886|11332,CCKAR|CNR2|COMT|CUX1|TAL1|ACOT7,-0.36,0
1,-2.2,C0040457,M1,1,0,DisGeNET,35,"Tooth, Supernumerary",,-2.2,7.7,4.2,30337,31,380,3,0.79,0.45,1855|3339|64359,DVL1|HSPG2|NXN,-0.36,0
1,-2.2,C1112155,M1,1,0,DisGeNET,35,Hereditary non-polyposis colorectal cancer syndrome,,-2.2,7.7,4.2,30337,31,380,3,0.79,0.45,2052|2956|5395,EPHX1|MSH6|PMS2,-0.36,0
1,-2.2,C1832446,M1,1,0,DisGeNET,35,Sparse eyebrow,,-2.2,7.7,4.2,30337,31,380,3,0.79,0.45,4035|9469|54453,LRP1|CHST3|RIN2,-0.36,0
1,-2.2,C0018800,M1,1,0,DisGeNET,35,Cardiomegaly,,-2.2,2.7,3.1,30337,267,380,9,2.4,0.78,2548|2621|5578|5581|5590|5595|8291|9469|51422,GAA|GAS6|PRKCA|PRKCE|PRKCZ|MAPK3|DYSF|CHST3|PRKAG2,-0.36,0
1,-2.2,C1292778,M1,1,0,DisGeNET,35,Chronic myeloproliferative disorder,,-2.2,2.4,3,30337,366,380,11,2.9,0.86,240|864|1788|2314|2672|3559|5048|5133|5209|5293|5595,ALOX5|RUNX3|DNMT3A|FLII|GFI1|IL2RA|PAFAH1B1|PDCD1|PFKFB3|PIK3CD|MAPK3,-0.36,0
1,-2.2,C0013384,M1,1,0,DisGeNET,35,Dyskinetic syndrome,,-2.2,2.5,3.1,30337,316,380,10,2.6,0.82,1312|1759|2956|5048|5395|5578|5595|9524|22904|54082,COMT|DNM1|MSH6|PAFAH1B1|PMS2|PRKCA|MAPK3|TECR|SBNO2|TSPEAR-AS1,-0.35,0
1,-2.2,C0043194,M1,1,0,DisGeNET,35,Wiskott-Aldrich Syndrome,,-2.2,4.2,3.5,30337,95,380,5,1.3,0.58,2672|3559|4772|4773|147179,GFI1|IL2RA|NFATC1|NFATC2|WIPF2,-0.35,0
1,-2.2,C1266043,M1,1,0,DisGeNET,35,Sarcomatoid Renal Cell Carcinoma,,-2.2,3.6,3.4,30337,134,380,6,1.6,0.64,240|2034|3315|5133|9745|79026,ALOX5|EPAS1|HSPB1|PDCD1|ZNF536|AHNAK,-0.35,0
1,-2.2,C3828530,M1,1,0,DisGeNET,35,Platelet Component Distribution Width Measurement,,-2.2,3.6,3.4,30337,134,380,6,1.6,0.64,1523|7171|8019|54453|57153|63976,CUX1|TPM4|BRD3|RIN2|SLC44A2|PRDM16,-0.35,0
1,-2.2,C0079773,M1,1,0,DisGeNET,35,"Lymphoma, T-Cell, Cutaneous",,-2.2,2.4,3,30337,367,380,11,2.9,0.86,864|1523|1788|3559|3689|4772|5293|5595|7161|54345|406984,RUNX3|CUX1|DNMT3A|IL2RA|ITGB2|NFATC1|PIK3CD|MAPK3|TP73|SOX18|MIR200B,-0.35,0
1,-2.1,C0020255,M1,1,0,DisGeNET,35,Hydrocephalus,,-2.1,2.2,2.9,30337,473,380,13,3.4,0.93,1003|1269|1312|1952|4774|4784|5048|5293|5605|7161|9469|63976|65250,CDH5|CNR2|COMT|CELSR2|NFIA|NFIX|PAFAH1B1|PIK3CD|MAP2K2|TP73|CHST3|PRDM16|CPLANE1,-0.35,0
1,-2.1,C0345967,M1,1,0,DisGeNET,35,Malignant mesothelioma,,-2.1,2.3,3,30337,420,380,12,3.2,0.9,1523|1969|2052|3559|4053|5154|5293|5595|6382|6595|11187|51090,CUX1|EPHA2|EPHX1|IL2RA|LTBP2|PDGFA|PIK3CD|MAPK3|SDC1|SMARCA2|PKP3|PLLP,-0.35,0
1,-2.1,C0024236,M1,1,0,DisGeNET,35,Lymphedema,,-2.1,5.2,3.7,30337,61,380,4,1.1,0.52,5605|8642|54345|85358,MAP2K2|DCHS1|SOX18|SHANK3,-0.34,0
1,-2.1,C0038271,M1,1,0,DisGeNET,35,Stereotyped Behavior,,-2.1,3.5,3.3,30337,135,380,6,1.6,0.64,1487|2314|9524|10815|63976|339983,CTBP1|FLII|TECR|CPLX1|PRDM16|NAT8L,-0.34,0
1,-2.1,C0162678,M1,1,0,DisGeNET,35,Neurofibromatoses,,-2.1,3.5,3.3,30337,135,380,6,1.6,0.64,2956|4774|4782|4784|5154|6595,MSH6|NFIA|NFIC|NFIX|PDGFA|SMARCA2,-0.34,0
1,-2.1,C0079293,M1,1,0,DisGeNET,35,Epidermolysis Bullosa Acquisita,,-2.1,7.5,4.1,30337,32,380,3,0.79,0.45,2314|5293|7078,FLII|PIK3CD|TIMP3,-0.34,0
1,-2.1,C0162871,M1,1,0,DisGeNET,35,"Aortic Aneurysm, Abdominal",,-2.1,2,2.9,30337,585,380,15,3.9,1,240|1788|2548|3339|3559|3689|4035|5154|5293|5595|7078|9314|9319|9536|153090,ALOX5|DNMT3A|GAA|HSPG2|IL2RA|ITGB2|LRP1|PDGFA|PIK3CD|MAPK3|TIMP3|KLF4|TRIP13|PTGES|DAB2IP,-0.33,0
1,-2.1,C0022602,M1,1,0,DisGeNET,35,Actinic keratosis,,-2.1,3.5,3.3,30337,136,380,6,1.6,0.64,1434|3632|5578|5595|6595|147138,CSE1L|INPP5A|PRKCA|MAPK3|SMARCA2|TMC8,-0.33,0
1,-2.1,C0155877,M1,1,0,DisGeNET,35,Allergic asthma,,-2.1,2.4,3,30337,371,380,11,2.9,0.86,240|3559|3665|5133|5293|6649|7071|9314|9825|65250|161882,ALOX5|IL2RA|IRF7|PDCD1|PIK3CD|SOD3|KLF10|KLF4|SPATA2|CPLANE1|ZFPM1,-0.33,0
1,-2.1,C0025990,M1,1,0,DisGeNET,35,Micrognathism,,-2.1,2,2.9,30337,586,380,15,3.9,1,1298|1305|1312|1487|1855|2314|3339|8642|9319|10815|23327|26053|64359|65250|83879,COL9A2|COL13A1|COMT|CTBP1|DVL1|FLII|HSPG2|DCHS1|TRIP13|CPLX1|NEDD4L|AUTS2|NXN|CPLANE1|CDCA7,-0.33,0
1,-2.1,C0080178,M1,1,0,DisGeNET,35,Spina Bifida,,-2.1,3.1,3.2,30337,179,380,7,1.8,0.69,1312|1855|5578|6573|9620|23498|51477,COMT|DVL1|PRKCA|SLC19A1|CELSR1|HAAO|ISYNA1,-0.33,0
1,-2.1,C0278704,M1,1,0,DisGeNET,35,Malignant Childhood Neoplasm,,-2.1,3.1,3.2,30337,179,380,7,1.8,0.69,2034|2672|2956|5293|5395|5799|374569,EPAS1|GFI1|MSH6|PIK3CD|PMS2|PTPRN2|ASPG,-0.33,0
1,-2.1,C4511452,M1,1,0,DisGeNET,35,Sporadic Parkinson disease,,-2.1,3.1,3.2,30337,179,380,7,1.8,0.69,1312|6595|7799|8224|23254|84069|150726,COMT|SMARCA2|PRDM2|SYN3|KAZN|PLEKHN1|FBXO41,-0.33,0
1,-2.1,C0262985,M1,1,0,DisGeNET,35,Psoriasiform eczema,,-2.1,5.2,3.7,30337,62,380,4,1.1,0.52,2314|3689|5133|6382,FLII|ITGB2|PDCD1|SDC1,-0.33,0
1,-2.1,C0596240,M1,1,0,DisGeNET,35,Cancer Pain,,-2.1,5.2,3.7,30337,62,380,4,1.1,0.52,1269|1312|1788|5133,CNR2|COMT|DNMT3A|PDCD1,-0.33,0
1,-2.1,C1839780,M1,1,0,DisGeNET,35,FRAGILE X TREMOR/ATAXIA SYNDROME,,-2.1,5.2,3.7,30337,62,380,4,1.1,0.52,2395|5725|23352|79058,FXN|PTBP1|UBR4|ASPSCR1,-0.33,0
1,-2.1,C4082304,M1,1,0,DisGeNET,35,Oligodontia,,-2.1,5.2,3.7,30337,62,380,4,1.1,0.52,1855|6452|10804|26053,DVL1|SH3BP2|GJB6|AUTS2,-0.33,0
1,-2.1,C0015300,M1,1,0,DisGeNET,35,Exophthalmos,,-2.1,2.8,3.1,30337,225,380,8,2.1,0.74,1434|1487|1855|4784|6452|10815|26053|64359,CSE1L|CTBP1|DVL1|NFIX|SH3BP2|CPLX1|AUTS2|NXN,-0.32,0
1,-2.1,C1176475,M1,1,0,DisGeNET,35,Ductal Carcinoma,,-2.1,2.6,3.1,30337,273,380,9,2.4,0.78,864|3090|5293|5590|6382|8553|9314|9922|56937,RUNX3|HIC1|PIK3CD|PRKCZ|SDC1|BHLHE40|KLF4|IQSEC1|PMEPA1,-0.32,0
1,-2.1,C0040053,M1,1,0,DisGeNET,35,Thrombosis,,-2.1,4.1,3.4,30337,98,380,5,1.3,0.58,2022|2621|5023|6573|9314,ENG|GAS6|P2RX1|SLC19A1|KLF4,-0.32,0
1,-2.1,C0235480,M1,1,0,DisGeNET,35,Paroxysmal atrial fibrillation,,-2.1,2.8,3.1,30337,226,380,8,2.1,0.74,2395|3339|3689|6586|23353|51422|54897|57666,FXN|HSPG2|ITGB2|SLIT3|SUN1|PRKAG2|CASZ1|FBRSL1,-0.32,0
1,-2.1,C0220620,M1,1,0,DisGeNET,35,Gastrointestinal Carcinoid Tumor,,-2.1,2.5,3,30337,323,380,10,2.6,0.82,639|864|2956|3090|5293|5595|6886|7078|11332|22883,PRDM1|RUNX3|MSH6|HIC1|PIK3CD|MAPK3|TAL1|TIMP3|ACOT7|CLSTN1,-0.32,0
1,-2.1,C0742468,M1,1,0,DisGeNET,35,Central nervous system lesion,,-2.1,7.3,4.1,30337,33,380,3,0.79,0.45,1269|1434|4155,CNR2|CSE1L|MBP,-0.32,0
1,-2.1,C0151611,M1,1,0,DisGeNET,35,Electroencephalogram abnormal,,-2.1,2.8,3.1,30337,227,380,8,2.1,0.74,435|1487|2314|3090|5048|5605|10815|63976,ASL|CTBP1|FLII|HIC1|PAFAH1B1|MAP2K2|CPLX1|PRDM16,-0.31,0
1,-2.1,C1527336,M1,1,0,DisGeNET,35,Sjogren's Syndrome,,-2.1,2.2,2.9,30337,481,380,13,3.4,0.93,639|1059|1609|3559|3689|5133|5293|5771|7434|9469|23526|83648|406984,PRDM1|CENPB|DGKQ|IL2RA|ITGB2|PDCD1|PIK3CD|PTPN2|VIPR2|CHST3|ARHGAP45|FAM167A|MIR200B,-0.31,0
1,-2.1,C0233794,M1,1,0,DisGeNET,35,Memory impairment,,-2.1,1.9,2.8,30337,763,380,18,4.7,1.1,240|1269|1312|1523|1788|2956|3689|4774|4782|4784|5293|5395|5578|5595|10815|57007|64506|84628,ALOX5|CNR2|COMT|CUX1|DNMT3A|MSH6|ITGB2|NFIA|NFIC|NFIX|PIK3CD|PMS2|PRKCA|MAPK3|CPLX1|ACKR3|CPEB1|NTNG2,-0.31,0
1,-2.1,C0015644,M1,1,0,DisGeNET,35,Muscular fasciculation,,-2.1,4,3.4,30337,99,380,5,1.3,0.58,1434|3315|5909|10603|65250,CSE1L|HSPB1|RAP1GAP|SH2B2|CPLANE1,-0.31,0
1,-2.1,C1853242,M1,1,0,DisGeNET,35,Midface retrusion,,-2.1,2.8,3.1,30337,228,380,8,2.1,0.74,1855|2314|4784|8642|9469|10815|63976|64359,DVL1|FLII|NFIX|DCHS1|CHST3|CPLX1|PRDM16|NXN,-0.31,0
1,-2.1,C1849367,M1,1,0,DisGeNET,35,Nasal bridge wide,,-2.1,2.2,2.9,30337,429,380,12,3.2,0.9,1312|1487|1855|2314|3339|8642|10815|26053|54345|63976|64359|85358,COMT|CTBP1|DVL1|FLII|HSPG2|DCHS1|CPLX1|AUTS2|SOX18|PRDM16|NXN|SHANK3,-0.31,0
1,-2.1,C0023487,M1,1,0,DisGeNET,35,Acute Promyelocytic Leukemia,,-2.1,2,2.8,30337,650,380,16,4.2,1,115|240|1523|1788|3090|3339|3689|4298|5293|5578|5595|5909|7161|9469|9612|374569,ADCY9|ALOX5|CUX1|DNMT3A|HIC1|HSPG2|ITGB2|MLLT1|PIK3CD|PRKCA|MAPK3|RAP1GAP|TP73|CHST3|NCOR2|ASPG,-0.3,0
1,-2.1,C0031090,M1,1,0,DisGeNET,35,Periodontal Diseases,,-2.1,2.4,3,30337,326,380,10,2.6,0.82,240|1523|3559|3689|4772|6452|6586|7078|23030|219699,ALOX5|CUX1|IL2RA|ITGB2|NFATC1|SH3BP2|SLIT3|TIMP3|KDM4B|UNC5B,-0.3,0
1,-2.1,C1368683,M1,1,0,DisGeNET,35,Epithelioma,,-2.1,2.4,3,30337,326,380,10,2.6,0.82,240|864|1999|3315|5154|5293|5753|6382|8140|9314,ALOX5|RUNX3|ELF3|HSPB1|PDGFA|PIK3CD|PTK6|SDC1|SLC7A5|KLF4,-0.3,0
1,-2.1,C0545053,M1,1,0,DisGeNET,35,Advanced bone age,,-2.1,5,3.6,30337,64,380,4,1.1,0.52,4784|6595|9469|85358,NFIX|SMARCA2|CHST3|SHANK3,-0.3,0
1,-2.1,C0008487,M1,1,0,DisGeNET,35,Chordoma,,-2.1,3.4,3.2,30337,140,380,6,1.6,0.64,1523|1855|4330|5293|9319|11156,CUX1|DVL1|MN1|PIK3CD|TRIP13|PTP4A3,-0.3,0
1,-2.1,C0026640,M1,1,0,DisGeNET,35,Mouth Neoplasms,,-2.1,3.4,3.2,30337,140,380,6,1.6,0.64,3202|3315|6382|7161|8519|220064,HOXA5|HSPB1|SDC1|TP73|IFITM1|LTO1,-0.3,0
1,-2.1,C0005745,M1,1,0,DisGeNET,35,Blepharoptosis,,-2.1,2,2.8,30337,595,380,15,3.9,1,1305|1312|1487|1759|1855|3339|5605|8642|9394|10801|10815|26053|64359|65250|85358,COL13A1|COMT|CTBP1|DNM1|DVL1|HSPG2|MAP2K2|DCHS1|HS6ST1|SEPTIN9|CPLX1|AUTS2|NXN|CPLANE1|SHANK3,-0.3,0
1,-2.1,C0013581,M1,1,0,DisGeNET,35,Ectopia Lentis,,-2.1,7,4,30337,34,380,3,0.79,0.45,3339|4053|170691,HSPG2|LTBP2|ADAMTS17,-0.3,0
1,-2.1,C2675021,M1,1,0,DisGeNET,35,Narrow palpebral fissure,,-2.1,7,4,30337,34,380,3,0.79,0.45,1788|3339|6595,DNMT3A|HSPG2|SMARCA2,-0.3,0
1,-2.1,C0031106,M1,1,0,DisGeNET,35,Aggressive Periodontitis,,-2.1,3,3.1,30337,184,380,7,1.8,0.69,240|639|3315|3559|3689|5048|9963,ALOX5|PRDM1|HSPB1|IL2RA|ITGB2|PAFAH1B1|SLC23A1,-0.3,0
1,-2.1,C0524528,M1,1,0,DisGeNET,35,Pervasive Development Disorder,,-2.1,2.4,2.9,30337,328,380,10,2.6,0.82,1312|1523|4035|5048|5293|6573|6595|26053|80790|85358,COMT|CUX1|LRP1|PAFAH1B1|PIK3CD|SLC19A1|SMARCA2|AUTS2|CMIP|SHANK3,-0.29,0
1,-2.1,C1445957,M1,1,0,DisGeNET,35,Serum total cholesterol measurement,,-2.1,2.1,2.8,30337,486,380,13,3.4,0.93,1952|2621|3142|4035|5581|6573|10043|23051|23187|51422|54453|57666|101928784,CELSR2|GAS6|HLX|LRP1|PRKCE|SLC19A1|TOM1|ZHX3|PHLDB1|PRKAG2|RIN2|FBRSL1|RORA-AS1,-0.29,0
1,-2.1,C1868571,M1,1,0,DisGeNET,35,Highly arched eyebrow,,-2.1,3.4,3.2,30337,141,380,6,1.6,0.64,1487|6595|9469|10815|26053|65250,CTBP1|SMARCA2|CHST3|CPLX1|AUTS2|CPLANE1,-0.29,0
1,-2,C0162323,M1,1,0,DisGeNET,35,Polyarthritis,,-2,4.9,3.6,30337,65,380,4,1.1,0.52,240|3559|5133|5771,ALOX5|IL2RA|PDCD1|PTPN2,-0.29,0
1,-2,C0431128,M1,1,0,DisGeNET,35,Papillary craniopharyngioma,,-2,4.9,3.6,30337,65,380,4,1.1,0.52,1952|5133|9620|147179,CELSR2|PDCD1|CELSR1|WIPF2,-0.29,0
1,-2,C1336735,M1,1,0,DisGeNET,35,Treatment related acute myeloid leukaemia,,-2,4.9,3.6,30337,65,380,4,1.1,0.52,1788|3142|6886|10801,DNMT3A|HLX|TAL1|SEPTIN9,-0.29,0
1,-2,C1266042,M1,1,0,DisGeNET,35,Chromophobe Renal Cell Carcinoma,,-2,3,3.1,30337,185,380,7,1.8,0.69,240|1999|2034|3315|6382|9745|79026,ALOX5|ELF3|EPAS1|HSPB1|SDC1|ZNF536|AHNAK,-0.29,0
1,-2,C1449563,M1,1,0,DisGeNET,35,"Cardiomyopathy, Familial Idiopathic",,-2,1.9,2.7,30337,772,380,18,4.7,1.1,864|1003|3559|4053|5133|5293|5581|5595|5725|6382|7078|9314|54345|54897|55620|57007|63976|406984,RUNX3|CDH5|IL2RA|LTBP2|PDCD1|PIK3CD|PRKCE|MAPK3|PTBP1|SDC1|TIMP3|KLF4|SOX18|CASZ1|STAP2|ACKR3|PRDM16|MIR200B,-0.28,0
1,-2,C1301034,M1,1,0,DisGeNET,35,Pancreatic intraepithelial neoplasia,,-2,3,3.1,30337,186,380,7,1.8,0.69,240|1969|2034|3216|5293|9314|9536,ALOX5|EPHA2|EPAS1|HOXB6|PIK3CD|KLF4|PTGES,-0.28,0
1,-2,C0279592,M1,1,0,DisGeNET,35,Adult T Acute Lymphoblastic Leukemia,,-2,3.9,3.3,30337,102,380,5,1.3,0.58,924|1788|5293|6886|63976,CD7|DNMT3A|PIK3CD|TAL1|PRDM16,-0.28,0
1,-2,C0014173,M1,1,0,DisGeNET,35,Endometrial Hyperplasia,,-2,3.3,3.2,30337,143,380,6,1.6,0.64,1312|1952|5595|9314|9469|9612,COMT|CELSR2|MAPK3|KLF4|CHST3|NCOR2,-0.28,0
1,-2,C0151480,M1,1,0,DisGeNET,35,Anti-nuclear factor positive,,-2,6.8,3.9,30337,35,380,3,0.79,0.45,2022|3559|5771,ENG|IL2RA|PTPN2,-0.28,0
1,-2,C0424101,M1,1,0,DisGeNET,35,Inattention,,-2,4.8,3.5,30337,66,380,4,1.1,0.52,1312|10458|23352|130497,COMT|BAIAP2|UBR4|OSR1,-0.28,0
1,-2,C0085281,M1,1,0,DisGeNET,35,Addictive Behavior,,-2,2.4,2.9,30337,332,380,10,2.6,0.82,240|1312|3090|5293|5595|5725|6886|7022|11156|130497,ALOX5|COMT|HIC1|PIK3CD|MAPK3|PTBP1|TAL1|TFAP2C|PTP4A3|OSR1,-0.28,0
1,-2,C0149678,M1,1,0,DisGeNET,35,Epstein-Barr Virus Infections,,-2,2.3,2.9,30337,384,380,11,2.9,0.86,1969|3315|3559|3665|3689|4155|5133|5293|6382|7161|148641,EPHA2|HSPB1|IL2RA|IRF7|ITGB2|MBP|PDCD1|PIK3CD|SDC1|TP73|SLC35F3,-0.27,0
1,-2,C0266449,M1,1,0,DisGeNET,35,Congenital anomaly of brain,,-2,3.9,3.3,30337,103,380,5,1.3,0.58,4774|4784|5048|23327|23499,NFIA|NFIX|PAFAH1B1|NEDD4L|MACF1,-0.27,0
1,-2,C1849265,M1,1,0,DisGeNET,35,Overgrowth,,-2,3.9,3.3,30337,103,380,5,1.3,0.58,1788|3339|4784|5048|5395,DNMT3A|HSPG2|NFIX|PAFAH1B1|PMS2,-0.27,0
1,-2,C0003507,M1,1,0,DisGeNET,35,Aortic Valve Stenosis,,-2,2.7,3,30337,234,380,8,2.1,0.74,240|2022|4053|5293|6382|6649|9469|23498,ALOX5|ENG|LTBP2|PIK3CD|SDC1|SOD3|CHST3|HAAO,-0.27,0
1,-2,C0085215,M1,1,0,DisGeNET,35,"Ovarian Failure, Premature",,-2,2.4,2.9,30337,333,380,10,2.6,0.82,1312|3625|5293|5595|9536|10603|11332|64506|164045|342977,COMT|INHBB|PIK3CD|MAPK3|PTGES|SH2B2|ACOT7|CPEB1|HFM1|NANOS3,-0.27,0
1,-2,C0279680,M1,1,0,DisGeNET,35,Transitional cell carcinoma of bladder,,-2,2.4,2.9,30337,333,380,10,2.6,0.82,575|2956|4035|5293|5578|5595|6382|79026|79719|119391,ADGRB1|MSH6|LRP1|PIK3CD|PRKCA|MAPK3|SDC1|AHNAK|AAGAB|GSTO2,-0.27,0
1,-2,C1257925,M1,1,0,DisGeNET,35,"Mammary Carcinoma, Animal",,-2,3.3,3.2,30337,144,380,6,1.6,0.64,832|1312|2052|5154|5725|9902,CAPZB|COMT|EPHX1|PDGFA|PTBP1|MRC2,-0.27,0
1,-2,C4721698,M1,1,0,DisGeNET,35,Metastatic Renal Cell Carcinoma,,-2,3.3,3.2,30337,144,380,6,1.6,0.64,1969|3559|5133|5293|9825|153090,EPHA2|IL2RA|PDCD1|PIK3CD|SPATA2|DAB2IP,-0.27,0
1,-2,C0494463,M1,1,0,DisGeNET,35,"Alzheimer Disease, Late Onset",,-2,2.3,2.8,30337,385,380,11,2.9,0.86,240|435|1269|1312|1788|4035|5048|11332|79661|80213|161882,ALOX5|ASL|CNR2|COMT|DNMT3A|LRP1|PAFAH1B1|ACOT7|NEIL1|TM2D3|ZFPM1,-0.27,0
1,-2,C0858617,M1,1,0,DisGeNET,35,Posterior subcapsular cataract,,-2,4.8,3.5,30337,67,380,4,1.1,0.52,1969|5293|5595|55229,EPHA2|PIK3CD|MAPK3|PANK4,-0.26,0
